{"ast":null,"code":"module.exports = {\n  C: {\n    \"34\": 0.00611,\n    \"36\": 0.01528,\n    \"43\": 0.04583,\n    \"47\": 0.00306,\n    \"52\": 0.05194,\n    \"56\": 0.00611,\n    \"68\": 0.00306,\n    \"72\": 0.00306,\n    \"78\": 0.01222,\n    \"79\": 0.00611,\n    \"80\": 0.00306,\n    \"81\": 0.00306,\n    \"82\": 0.00306,\n    \"83\": 0.00306,\n    \"84\": 0.00306,\n    \"87\": 0.00306,\n    \"88\": 0.00611,\n    \"89\": 0.00306,\n    \"90\": 0.00306,\n    \"91\": 0.02139,\n    \"95\": 0.00306,\n    \"96\": 0.00306,\n    \"97\": 0.00306,\n    \"98\": 0.00611,\n    \"99\": 0.01222,\n    \"100\": 0.00917,\n    \"101\": 0.01222,\n    \"102\": 0.04277,\n    \"103\": 1.02954,\n    \"104\": 0.22302,\n    \"105\": 0.00917,\n    _: \"2 3 4 5 6 7 8 9 10 11 12 13 14 15 16 17 18 19 20 21 22 23 24 25 26 27 28 29 30 31 32 33 35 37 38 39 40 41 42 44 45 46 48 49 50 51 53 54 55 57 58 59 60 61 62 63 64 65 66 67 69 70 71 73 74 75 76 77 85 86 92 93 94 106 3.5 3.6\"\n  },\n  D: {\n    \"22\": 0.00611,\n    \"26\": 0.00306,\n    \"34\": 0.01222,\n    \"35\": 0.00306,\n    \"38\": 0.02444,\n    \"42\": 0.00611,\n    \"43\": 0.00306,\n    \"47\": 0.00917,\n    \"48\": 0.00917,\n    \"49\": 0.04277,\n    \"53\": 0.01833,\n    \"55\": 0.00917,\n    \"56\": 0.00917,\n    \"57\": 0.00611,\n    \"58\": 0.00306,\n    \"61\": 0.00611,\n    \"62\": 0.00611,\n    \"63\": 0.01222,\n    \"64\": 0.00306,\n    \"65\": 0.00611,\n    \"66\": 0.00611,\n    \"67\": 0.00611,\n    \"68\": 0.00917,\n    \"69\": 0.10082,\n    \"70\": 0.05805,\n    \"71\": 0.02139,\n    \"72\": 0.06416,\n    \"73\": 0.01528,\n    \"74\": 0.0611,\n    \"75\": 0.01528,\n    \"76\": 0.00917,\n    \"77\": 0.01833,\n    \"78\": 0.04583,\n    \"79\": 0.14053,\n    \"80\": 0.03666,\n    \"81\": 0.03055,\n    \"83\": 0.05194,\n    \"84\": 0.04583,\n    \"85\": 0.05499,\n    \"86\": 0.07943,\n    \"87\": 0.0886,\n    \"88\": 0.02139,\n    \"89\": 0.03972,\n    \"90\": 0.0275,\n    \"91\": 0.03361,\n    \"92\": 0.07332,\n    \"93\": 0.01833,\n    \"94\": 0.04583,\n    \"95\": 0.0275,\n    \"96\": 0.07027,\n    \"97\": 0.07638,\n    \"98\": 0.05499,\n    \"99\": 0.06416,\n    \"100\": 0.08554,\n    \"101\": 0.10387,\n    \"102\": 0.19247,\n    \"103\": 4.8544,\n    \"104\": 13.1976,\n    \"105\": 0.04583,\n    \"106\": 0.01222,\n    _: \"4 5 6 7 8 9 10 11 12 13 14 15 16 17 18 19 20 21 23 24 25 27 28 29 30 31 32 33 36 37 39 40 41 44 45 46 50 51 52 54 59 60 107 108\"\n  },\n  F: {\n    \"28\": 0.00917,\n    \"36\": 0.00611,\n    \"40\": 0.00611,\n    \"46\": 0.01833,\n    \"79\": 0.00306,\n    \"85\": 0.00917,\n    \"88\": 0.00917,\n    \"89\": 0.32689,\n    \"90\": 0.04277,\n    _: \"9 11 12 15 16 17 18 19 20 21 22 23 24 25 26 27 29 30 31 32 33 34 35 37 38 39 41 42 43 44 45 47 48 49 50 51 52 53 54 55 56 57 58 60 62 63 64 65 66 67 68 69 70 71 72 73 74 75 76 77 78 80 81 82 83 84 86 87 9.5-9.6 10.5 10.6 11.1 11.5 11.6 12.1\",\n    \"10.0-10.1\": 0\n  },\n  B: {\n    \"12\": 0.00306,\n    \"16\": 0.00306,\n    \"17\": 0.00306,\n    \"18\": 0.01833,\n    \"84\": 0.00611,\n    \"85\": 0.00306,\n    \"86\": 0.00306,\n    \"89\": 0.00306,\n    \"90\": 0.00306,\n    \"92\": 0.00917,\n    \"96\": 0.00306,\n    \"97\": 0.00306,\n    \"98\": 0.00306,\n    \"99\": 0.00611,\n    \"100\": 0.00611,\n    \"101\": 0.01528,\n    \"102\": 0.01528,\n    \"103\": 0.62933,\n    \"104\": 1.7719,\n    _: \"13 14 15 79 80 81 83 87 88 91 93 94 95 105\"\n  },\n  E: {\n    \"4\": 0,\n    \"13\": 0.01833,\n    \"14\": 0.07027,\n    \"15\": 0.01833,\n    _: \"0 5 6 7 8 9 10 11 12 3.1 3.2 6.1 7.1\",\n    \"5.1\": 0.02139,\n    \"9.1\": 0.01528,\n    \"10.1\": 0.00306,\n    \"11.1\": 0.00917,\n    \"12.1\": 0.01528,\n    \"13.1\": 0.06416,\n    \"14.1\": 0.16803,\n    \"15.1\": 0.03055,\n    \"15.2-15.3\": 0.0275,\n    \"15.4\": 0.10082,\n    \"15.5\": 0.3666,\n    \"15.6\": 0.58045,\n    \"16.0\": 0.00611\n  },\n  G: {\n    \"8\": 0.00097,\n    \"3.2\": 0,\n    \"4.0-4.1\": 0,\n    \"4.2-4.3\": 0.00483,\n    \"5.0-5.1\": 0.00483,\n    \"6.0-6.1\": 0.00387,\n    \"7.0-7.1\": 0.01837,\n    \"8.1-8.4\": 0.00677,\n    \"9.0-9.2\": 0.01837,\n    \"9.3\": 0.05606,\n    \"10.0-10.2\": 0.00773,\n    \"10.3\": 0.07153,\n    \"11.0-11.2\": 0.04543,\n    \"11.3-11.4\": 0.01933,\n    \"12.0-12.1\": 0.03093,\n    \"12.2-12.5\": 0.42724,\n    \"13.0-13.1\": 0.0232,\n    \"13.2\": 0.0116,\n    \"13.3\": 0.0464,\n    \"13.4-13.7\": 0.16142,\n    \"14.0-14.4\": 0.47074,\n    \"14.5-14.8\": 0.72882,\n    \"15.0-15.1\": 0.26775,\n    \"15.2-15.3\": 0.34218,\n    \"15.4\": 0.56546,\n    \"15.5\": 2.02504,\n    \"15.6\": 4.2405,\n    \"16.0\": 0.0667\n  },\n  P: {\n    \"4\": 0.2883,\n    \"5.0-5.4\": 0,\n    \"6.2-6.4\": 0,\n    \"7.2-7.4\": 0.10296,\n    \"8.2\": 0,\n    \"9.2\": 0.03089,\n    \"10.1\": 0,\n    \"11.1-11.2\": 0.04119,\n    \"12.0\": 0.02059,\n    \"13.0\": 0.09267,\n    \"14.0\": 0.08237,\n    \"15.0\": 0.05148,\n    \"16.0\": 0.15444,\n    \"17.0\": 1.00904,\n    \"18.0\": 1.112\n  },\n  I: {\n    \"0\": 0,\n    \"3\": 0,\n    \"4\": 0,\n    \"2.1\": 0,\n    \"2.2\": 0,\n    \"2.3\": 0,\n    \"4.1\": 0.05424,\n    \"4.2-4.3\": 0.12656,\n    \"4.4\": 0,\n    \"4.4.3-4.4.4\": 0.77747\n  },\n  K: {\n    _: \"0 10 11 12 11.1 11.5 12.1\"\n  },\n  A: {\n    \"8\": 0.0267,\n    \"9\": 0.0445,\n    \"11\": 0.85446,\n    _: \"6 7 10 5.5\"\n  },\n  J: {\n    \"7\": 0,\n    \"10\": 0\n  },\n  N: {\n    \"10\": 0,\n    \"11\": 0\n  },\n  L: {\n    \"0\": 54.76479\n  },\n  S: {\n    \"2.5\": 0.05555\n  },\n  R: {\n    _: \"0\"\n  },\n  M: {\n    \"0\": 0.16666\n  },\n  Q: {\n    \"10.4\": 0.31248\n  },\n  O: {\n    \"0\": 1.52074\n  },\n  H: {\n    \"0\": 0.97955\n  }\n};","map":{"version":3,"names":["module","exports","C","_","D","F","B","E","G","P","I","K","A","J","N","L","S","R","M","Q","O","H"],"sources":["C:/Users/Rohith/mern/frontend/node_modules/caniuse-lite/data/regions/alt-as.js"],