{"ast":null,"code":"module.exports = {\n  C: {\n    \"14\": 0.02807,\n    \"33\": 0.00936,\n    \"46\": 0.00468,\n    \"47\": 0.00468,\n    \"52\": 0.10762,\n    \"56\": 0.00468,\n    \"58\": 0.00936,\n    \"66\": 0.00936,\n    \"68\": 0.01872,\n    \"72\": 0.00468,\n    \"78\": 0.02807,\n    \"84\": 0.00936,\n    \"88\": 0.01404,\n    \"91\": 0.09826,\n    \"92\": 0.00468,\n    \"93\": 0.00468,\n    \"94\": 0.00936,\n    \"95\": 0.00468,\n    \"96\": 0.01404,\n    \"97\": 0.00936,\n    \"98\": 0.02807,\n    \"99\": 0.04679,\n    \"100\": 0.0234,\n    \"101\": 0.03743,\n    \"102\": 0.21056,\n    \"103\": 4.35147,\n    \"104\": 0.81883,\n    _: \"2 3 4 5 6 7 8 9 10 11 12 13 15 16 17 18 19 20 21 22 23 24 25 26 27 28 29 30 31 32 34 35 36 37 38 39 40 41 42 43 44 45 48 49 50 51 53 54 55 57 59 60 61 62 63 64 65 67 69 70 71 73 74 75 76 77 79 80 81 82 83 85 86 87 89 90 105 106 3.5 3.6\"\n  },\n  D: {\n    \"34\": 0.00468,\n    \"38\": 0.05147,\n    \"43\": 0.00468,\n    \"47\": 0.01404,\n    \"49\": 0.09358,\n    \"53\": 0.03275,\n    \"63\": 0.10294,\n    \"68\": 0.00468,\n    \"69\": 0.09826,\n    \"70\": 0.0234,\n    \"72\": 0.05147,\n    \"74\": 0.00468,\n    \"75\": 0.00468,\n    \"76\": 0.00468,\n    \"79\": 0.36028,\n    \"80\": 0.00936,\n    \"81\": 0.05147,\n    \"83\": 0.04211,\n    \"84\": 0.02807,\n    \"85\": 0.0234,\n    \"86\": 0.06083,\n    \"87\": 0.03743,\n    \"88\": 0.00936,\n    \"89\": 0.03743,\n    \"90\": 0.0234,\n    \"91\": 0.01404,\n    \"92\": 0.03275,\n    \"93\": 0.01872,\n    \"94\": 0.00936,\n    \"95\": 0.01404,\n    \"96\": 0.04679,\n    \"97\": 0.0234,\n    \"98\": 0.02807,\n    \"99\": 0.06083,\n    \"100\": 0.05147,\n    \"101\": 0.09826,\n    \"102\": 0.24331,\n    \"103\": 7.44429,\n    \"104\": 19.67987,\n    \"105\": 0.04211,\n    _: \"4 5 6 7 8 9 10 11 12 13 14 15 16 17 18 19 20 21 22 23 24 25 26 27 28 29 30 31 32 33 35 36 37 39 40 41 42 44 45 46 48 50 51 52 54 55 56 57 58 59 60 61 62 64 65 66 67 71 73 77 78 106 107 108\"\n  },\n  F: {\n    \"28\": 0.01404,\n    \"36\": 0.00936,\n    \"46\": 0.01872,\n    \"58\": 0.00468,\n    \"68\": 0.01404,\n    \"72\": 0.0234,\n    \"79\": 0.00936,\n    \"82\": 0.00936,\n    \"84\": 0.01404,\n    \"85\": 0.06083,\n    \"86\": 0.00468,\n    \"87\": 0.00468,\n    \"88\": 0.05147,\n    \"89\": 2.74657,\n    \"90\": 0.32753,\n    _: \"9 11 12 15 16 17 18 19 20 21 22 23 24 25 26 27 29 30 31 32 33 34 35 37 38 39 40 41 42 43 44 45 47 48 49 50 51 52 53 54 55 56 57 60 62 63 64 65 66 67 69 70 71 73 74 75 76 77 78 80 81 83 9.5-9.6 10.5 10.6 11.1 11.5 11.6 12.1\",\n    \"10.0-10.1\": 0\n  },\n  B: {\n    \"18\": 0.01872,\n    \"91\": 0.01404,\n    \"96\": 0.00936,\n    \"100\": 0.00468,\n    \"101\": 0.05615,\n    \"102\": 0.04679,\n    \"103\": 1.03406,\n    \"104\": 2.93841,\n    _: \"12 13 14 15 16 17 79 80 81 83 84 85 86 87 88 89 90 92 93 94 95 97 98 99 105\"\n  },\n  E: {\n    \"4\": 0,\n    \"13\": 0.01872,\n    \"14\": 0.10762,\n    \"15\": 0.02807,\n    _: \"0 5 6 7 8 9 10 11 12 3.1 3.2 5.1 6.1 7.1 9.1 10.1\",\n    \"11.1\": 0.00468,\n    \"12.1\": 0.03275,\n    \"13.1\": 0.10762,\n    \"14.1\": 0.23395,\n    \"15.1\": 0.06551,\n    \"15.2-15.3\": 0.06083,\n    \"15.4\": 0.14037,\n    \"15.5\": 0.55212,\n    \"15.6\": 0.87497,\n    \"16.0\": 0.01872\n  },\n  G: {\n    \"8\": 0,\n    \"3.2\": 0,\n    \"4.0-4.1\": 0,\n    \"4.2-4.3\": 0,\n    \"5.0-5.1\": 0.01828,\n    \"6.0-6.1\": 0,\n    \"7.0-7.1\": 0,\n    \"8.1-8.4\": 0,\n    \"9.0-9.2\": 0,\n    \"9.3\": 0.02628,\n    \"10.0-10.2\": 0,\n    \"10.3\": 0.08799,\n    \"11.0-11.2\": 0.00229,\n    \"11.3-11.4\": 0.00457,\n    \"12.0-12.1\": 0.00571,\n    \"12.2-12.5\": 0.2274,\n    \"13.0-13.1\": 0.00343,\n    \"13.2\": 0.01143,\n    \"13.3\": 0.01028,\n    \"13.4-13.7\": 0.07085,\n    \"14.0-14.4\": 0.18283,\n    \"14.5-14.8\": 0.51422,\n    \"15.0-15.1\": 0.21026,\n    \"15.2-15.3\": 0.30167,\n    \"15.4\": 0.54164,\n    \"15.5\": 2.72763,\n    \"15.6\": 6.29399,\n    \"16.0\": 0.17598\n  },\n  P: {\n    \"4\": 0.38536,\n    \"5.0-5.4\": 0.02053,\n    \"6.2-6.4\": 0,\n    \"7.2-7.4\": 0,\n    \"8.2\": 0,\n    \"9.2\": 0,\n    \"10.1\": 0,\n    \"11.1-11.2\": 0.02083,\n    \"12.0\": 0.02053,\n    \"13.0\": 0.03125,\n    \"14.0\": 0.05208,\n    \"15.0\": 0.02083,\n    \"16.0\": 0.08332,\n    \"17.0\": 0.9582,\n    \"18.0\": 1.40605\n  },\n  I: {\n    \"0\": 0,\n    \"3\": 0,\n    \"4\": 0,\n    \"2.1\": 0,\n    \"2.2\": 0,\n    \"2.3\": 0,\n    \"4.1\": 0.01218,\n    \"4.2-4.3\": 0.01096,\n    \"4.4\": 0,\n    \"4.4.3-4.4.4\": 0.07794\n  },\n  K: {\n    _: \"0 10 11 12 11.1 11.5 12.1\"\n  },\n  A: {\n    \"11\": 0.19184,\n    _: \"6 7 8 9 10 5.5\"\n  },\n  J: {\n    \"7\": 0,\n    \"10\": 0\n  },\n  N: {\n    \"10\": 0,\n    \"11\": 0\n  },\n  L: {\n    \"0\": 37.79058\n  },\n  S: {\n    \"2.5\": 0\n  },\n  R: {\n    _: \"0\"\n  },\n  M: {\n    \"0\": 0.30324\n  },\n  Q: {\n    \"10.4\": 0\n  },\n  O: {\n    \"0\": 0.04788\n  },\n  H: {\n    \"0\": 0.62454\n  }\n};","map":{"version":3,"names":["module","exports","C","_","D","F","B","E","G","P","I","K","A","J","N","L","S","R","M","Q","O","H"],"sources":["C:/Users/Rohith/mern/frontend/node_modules/caniuse-lite/data/regions/SK.js"],