{"ast":null,"code":"module.exports = {\n  C: {\n    \"4\": 0.07378,\n    \"11\": 0.02306,\n    \"38\": 0.00461,\n    \"43\": 0.00461,\n    \"44\": 0.02306,\n    \"45\": 0.00461,\n    \"48\": 0.00461,\n    \"52\": 0.03228,\n    \"54\": 0.01844,\n    \"56\": 0.00461,\n    \"59\": 0.00461,\n    \"78\": 0.05533,\n    \"79\": 0.00922,\n    \"80\": 0.00922,\n    \"81\": 0.00922,\n    \"82\": 0.00922,\n    \"83\": 0.00922,\n    \"84\": 0.00461,\n    \"87\": 0.00461,\n    \"88\": 0.00922,\n    \"89\": 0.00922,\n    \"90\": 0.00461,\n    \"91\": 0.07839,\n    \"94\": 0.02767,\n    \"95\": 0.00922,\n    \"96\": 0.00461,\n    \"97\": 0.00922,\n    \"98\": 0.00922,\n    \"99\": 0.01383,\n    \"100\": 0.01844,\n    \"101\": 0.03228,\n    \"102\": 0.11066,\n    \"103\": 1.88129,\n    \"104\": 0.39194,\n    _: \"2 3 5 6 7 8 9 10 12 13 14 15 16 17 18 19 20 21 22 23 24 25 26 27 28 29 30 31 32 33 34 35 36 37 39 40 41 42 46 47 49 50 51 53 55 57 58 60 61 62 63 64 65 66 67 68 69 70 71 72 73 74 75 76 77 85 86 92 93 105 106 3.5 3.6\"\n  },\n  D: {\n    \"38\": 0.00461,\n    \"40\": 0.01844,\n    \"43\": 0.00461,\n    \"44\": 0.00461,\n    \"47\": 0.00461,\n    \"48\": 0.05994,\n    \"49\": 0.05533,\n    \"52\": 0.00922,\n    \"56\": 0.1245,\n    \"59\": 0.00461,\n    \"60\": 0.00922,\n    \"61\": 0.02306,\n    \"63\": 0.00461,\n    \"65\": 0.01383,\n    \"66\": 0.05994,\n    \"67\": 0.01383,\n    \"68\": 0.00922,\n    \"69\": 0.01844,\n    \"70\": 0.00922,\n    \"71\": 0.00922,\n    \"72\": 0.00922,\n    \"73\": 0.00461,\n    \"74\": 0.01383,\n    \"75\": 0.01383,\n    \"76\": 0.14294,\n    \"77\": 0.00922,\n    \"78\": 0.02306,\n    \"79\": 0.12911,\n    \"80\": 0.06455,\n    \"81\": 0.05994,\n    \"83\": 0.11989,\n    \"84\": 0.07378,\n    \"85\": 0.09222,\n    \"86\": 0.09222,\n    \"87\": 0.11989,\n    \"88\": 0.02767,\n    \"89\": 0.05994,\n    \"90\": 0.03228,\n    \"91\": 0.05533,\n    \"92\": 0.03689,\n    \"93\": 0.10144,\n    \"94\": 0.0415,\n    \"95\": 0.02306,\n    \"96\": 0.1245,\n    \"97\": 0.09683,\n    \"98\": 0.13372,\n    \"99\": 0.10144,\n    \"100\": 0.18905,\n    \"101\": 0.24438,\n    \"102\": 0.54871,\n    \"103\": 7.85714,\n    \"104\": 16.43822,\n    \"105\": 0.06455,\n    \"106\": 0.04611,\n    \"107\": 0.03228,\n    _: \"4 5 6 7 8 9 10 11 12 13 14 15 16 17 18 19 20 21 22 23 24 25 26 27 28 29 30 31 32 33 34 35 36 37 39 41 42 45 46 50 51 53 54 55 57 58 62 64 108\"\n  },\n  F: {\n    \"71\": 0.00461,\n    \"88\": 0.01844,\n    \"89\": 0.57638,\n    \"90\": 0.05533,\n    _: \"9 11 12 15 16 17 18 19 20 21 22 23 24 25 26 27 28 29 30 31 32 33 34 35 36 37 38 39 40 41 42 43 44 45 46 47 48 49 50 51 52 53 54 55 56 57 58 60 62 63 64 65 66 67 68 69 70 72 73 74 75 76 77 78 79 80 81 82 83 84 85 86 87 9.5-9.6 10.5 10.6 11.1 11.5 11.6 12.1\",\n    \"10.0-10.1\": 0\n  },\n  B: {\n    \"12\": 0.00922,\n    \"17\": 0.00461,\n    \"18\": 0.01844,\n    \"84\": 0.00461,\n    \"85\": 0.00922,\n    \"86\": 0.00461,\n    \"87\": 0.00922,\n    \"92\": 0.00461,\n    \"96\": 0.00461,\n    \"98\": 0.00461,\n    \"99\": 0.00922,\n    \"100\": 0.01383,\n    \"101\": 0.08761,\n    \"102\": 0.05072,\n    \"103\": 1.53085,\n    \"104\": 4.31129,\n    _: \"13 14 15 16 79 80 81 83 88 89 90 91 93 94 95 97 105\"\n  },\n  E: {\n    \"4\": 0,\n    \"8\": 0.00461,\n    \"9\": 0.00922,\n    \"12\": 0.00461,\n    \"13\": 0.04611,\n    \"14\": 0.19827,\n    \"15\": 0.05533,\n    _: \"0 5 6 7 10 11 3.1 3.2 5.1 6.1 7.1\",\n    \"9.1\": 0.02767,\n    \"10.1\": 0.01383,\n    \"11.1\": 0.0415,\n    \"12.1\": 0.08761,\n    \"13.1\": 0.67782,\n    \"14.1\": 0.60865,\n    \"15.1\": 0.09683,\n    \"15.2-15.3\": 0.10144,\n    \"15.4\": 0.31355,\n    \"15.5\": 1.22192,\n    \"15.6\": 2.82193,\n    \"16.0\": 0.02306\n  },\n  G: {\n    \"8\": 0,\n    \"3.2\": 0,\n    \"4.0-4.1\": 0,\n    \"4.2-4.3\": 0.00269,\n    \"5.0-5.1\": 0,\n    \"6.0-6.1\": 0.00538,\n    \"7.0-7.1\": 0.01075,\n    \"8.1-8.4\": 0.00807,\n    \"9.0-9.2\": 0.01344,\n    \"9.3\": 0.07528,\n    \"10.0-10.2\": 0.00538,\n    \"10.3\": 0.08603,\n    \"11.0-11.2\": 0.03226,\n    \"11.3-11.4\": 0.04033,\n    \"12.0-12.1\": 0.02957,\n    \"12.2-12.5\": 0.48125,\n    \"13.0-13.1\": 0.02689,\n    \"13.2\": 0.01613,\n    \"13.3\": 0.06184,\n    \"13.4-13.7\": 0.19627,\n    \"14.0-14.4\": 0.63988,\n    \"14.5-14.8\": 1.9277,\n    \"15.0-15.1\": 0.38178,\n    \"15.2-15.3\": 0.65601,\n    \"15.4\": 0.88454,\n    \"15.5\": 5.43629,\n    \"15.6\": 15.68242,\n    \"16.0\": 0.16938\n  },\n  P: {\n    \"4\": 0.06385,\n    \"5.0-5.4\": 0,\n    \"6.2-6.4\": 0,\n    \"7.2-7.4\": 0.01064,\n    \"8.2\": 0,\n    \"9.2\": 0.03089,\n    \"10.1\": 0,\n    \"11.1-11.2\": 0.02128,\n    \"12.0\": 0.02092,\n    \"13.0\": 0.03193,\n    \"14.0\": 0.03193,\n    \"15.0\": 0.02128,\n    \"16.0\": 0.08514,\n    \"17.0\": 0.72365,\n    \"18.0\": 1.1174\n  },\n  I: {\n    \"0\": 0,\n    \"3\": 0.00546,\n    \"4\": 0.01229,\n    \"2.1\": 0,\n    \"2.2\": 0.00273,\n    \"2.3\": 0,\n    \"4.1\": 0.00273,\n    \"4.2-4.3\": 0.0314,\n    \"4.4\": 0,\n    \"4.4.3-4.4.4\": 0.04778\n  },\n  K: {\n    _: \"0 10 11 12 11.1 11.5 12.1\"\n  },\n  A: {\n    \"8\": 0.04348,\n    \"9\": 0.13043,\n    \"10\": 0.00483,\n    \"11\": 0.22704,\n    _: \"6 7 5.5\"\n  },\n  J: {\n    \"7\": 0,\n    \"10\": 0\n  },\n  N: {\n    \"10\": 0,\n    \"11\": 0\n  },\n  L: {\n    \"0\": 24.95974\n  },\n  S: {\n    \"2.5\": 0.00539\n  },\n  R: {\n    _: \"0\"\n  },\n  M: {\n    \"0\": 0.4419\n  },\n  Q: {\n    \"10.4\": 0.02695\n  },\n  O: {\n    \"0\": 0.08622\n  },\n  H: {\n    \"0\": 0.22449\n  }\n};","map":{"version":3,"names":["module","exports","C","_","D","F","B","E","G","P","I","K","A","J","N","L","S","R","M","Q","O","H"],"sources":["C:/Users/Rohith/mern/frontend/node_modules/caniuse-lite/data/regions/alt-na.js"],