{"ast":null,"code":"module.exports = {\n  C: {\n    \"27\": 0.00905,\n    \"52\": 0.04524,\n    \"68\": 0.00452,\n    \"72\": 0.00452,\n    \"73\": 0.00452,\n    \"78\": 0.02262,\n    \"79\": 0.00452,\n    \"80\": 0.00452,\n    \"81\": 0.00452,\n    \"84\": 0.00905,\n    \"86\": 0.00905,\n    \"88\": 0.01357,\n    \"89\": 0.00452,\n    \"90\": 0.00905,\n    \"91\": 0.07691,\n    \"95\": 0.00452,\n    \"96\": 0.00452,\n    \"97\": 0.00905,\n    \"98\": 0.00452,\n    \"99\": 0.02714,\n    \"100\": 0.01357,\n    \"101\": 0.0181,\n    \"102\": 0.05429,\n    \"103\": 1.3391,\n    \"104\": 0.28501,\n    _: \"2 3 4 5 6 7 8 9 10 11 12 13 14 15 16 17 18 19 20 21 22 23 24 25 26 28 29 30 31 32 33 34 35 36 37 38 39 40 41 42 43 44 45 46 47 48 49 50 51 53 54 55 56 57 58 59 60 61 62 63 64 65 66 67 69 70 71 74 75 76 77 82 83 85 87 92 93 94 105 106 3.5 3.6\"\n  },\n  D: {\n    \"22\": 0.00452,\n    \"38\": 0.01357,\n    \"47\": 0.00452,\n    \"49\": 0.07238,\n    \"51\": 0.00905,\n    \"53\": 0.00452,\n    \"55\": 0.00452,\n    \"58\": 0.00452,\n    \"63\": 0.00905,\n    \"65\": 0.00452,\n    \"66\": 0.01357,\n    \"67\": 0.00452,\n    \"68\": 0.01357,\n    \"69\": 0.02714,\n    \"70\": 0.00905,\n    \"71\": 0.00452,\n    \"72\": 0.00905,\n    \"73\": 0.00452,\n    \"74\": 0.01357,\n    \"75\": 0.01357,\n    \"76\": 0.0181,\n    \"77\": 0.00905,\n    \"78\": 0.01357,\n    \"79\": 0.10405,\n    \"80\": 0.02262,\n    \"81\": 0.02714,\n    \"83\": 0.03619,\n    \"84\": 0.05881,\n    \"85\": 0.04524,\n    \"86\": 0.07238,\n    \"87\": 0.11762,\n    \"88\": 0.02262,\n    \"89\": 0.04072,\n    \"90\": 0.03167,\n    \"91\": 0.32573,\n    \"92\": 0.04072,\n    \"93\": 0.03167,\n    \"94\": 0.03167,\n    \"95\": 0.03167,\n    \"96\": 0.07238,\n    \"97\": 0.07691,\n    \"98\": 0.06334,\n    \"99\": 0.095,\n    \"100\": 0.12215,\n    \"101\": 0.11762,\n    \"102\": 0.26239,\n    \"103\": 8.15677,\n    \"104\": 23.38908,\n    \"105\": 0.09953,\n    \"106\": 0.00905,\n    _: \"4 5 6 7 8 9 10 11 12 13 14 15 16 17 18 19 20 21 23 24 25 26 27 28 29 30 31 32 33 34 35 36 37 39 40 41 42 43 44 45 46 48 50 52 54 56 57 59 60 61 62 64 107 108\"\n  },\n  F: {\n    \"28\": 0.00452,\n    \"85\": 0.0181,\n    \"86\": 0.00452,\n    \"87\": 0.00452,\n    \"88\": 0.02714,\n    \"89\": 2.44296,\n    \"90\": 0.11762,\n    _: \"9 11 12 15 16 17 18 19 20 21 22 23 24 25 26 27 29 30 31 32 33 34 35 36 37 38 39 40 41 42 43 44 45 46 47 48 49 50 51 52 53 54 55 56 57 58 60 62 63 64 65 66 67 68 69 70 71 72 73 74 75 76 77 78 79 80 81 82 83 84 9.5-9.6 10.5 10.6 11.1 11.5 11.6 12.1\",\n    \"10.0-10.1\": 0\n  },\n  B: {\n    \"15\": 0.0181,\n    \"17\": 0.00452,\n    \"18\": 0.01357,\n    \"84\": 0.00452,\n    \"92\": 0.01357,\n    \"99\": 0.00452,\n    \"100\": 0.00905,\n    \"101\": 0.04524,\n    \"102\": 0.01357,\n    \"103\": 0.76456,\n    \"104\": 2.29367,\n    _: \"12 13 14 16 79 80 81 83 85 86 87 88 89 90 91 93 94 95 96 97 98 105\"\n  },\n  E: {\n    \"4\": 0,\n    \"13\": 0.01357,\n    \"14\": 0.03619,\n    \"15\": 0.00905,\n    _: \"0 5 6 7 8 9 10 11 12 3.1 3.2 5.1 6.1 7.1 10.1\",\n    \"9.1\": 0.01357,\n    \"11.1\": 0.00905,\n    \"12.1\": 0.00905,\n    \"13.1\": 0.05429,\n    \"14.1\": 0.09048,\n    \"15.1\": 0.0181,\n    \"15.2-15.3\": 0.0181,\n    \"15.4\": 0.04976,\n    \"15.5\": 0.18548,\n    \"15.6\": 0.30763,\n    \"16.0\": 0.00452\n  },\n  G: {\n    \"8\": 0,\n    \"3.2\": 0,\n    \"4.0-4.1\": 0,\n    \"4.2-4.3\": 0,\n    \"5.0-5.1\": 0.0042,\n    \"6.0-6.1\": 0.0012,\n    \"7.0-7.1\": 0.0036,\n    \"8.1-8.4\": 0,\n    \"9.0-9.2\": 0.0006,\n    \"9.3\": 0.02643,\n    \"10.0-10.2\": 0.0006,\n    \"10.3\": 0.02463,\n    \"11.0-11.2\": 0.00661,\n    \"11.3-11.4\": 0.01862,\n    \"12.0-12.1\": 0.00901,\n    \"12.2-12.5\": 0.20242,\n    \"13.0-13.1\": 0.00601,\n    \"13.2\": 0.0042,\n    \"13.3\": 0.01682,\n    \"13.4-13.7\": 0.07088,\n    \"14.0-14.4\": 0.16698,\n    \"14.5-14.8\": 0.52015,\n    \"15.0-15.1\": 0.07388,\n    \"15.2-15.3\": 0.11953,\n    \"15.4\": 0.19341,\n    \"15.5\": 1.22771,\n    \"15.6\": 3.25907,\n    \"16.0\": 0.04625\n  },\n  P: {\n    \"4\": 0.15469,\n    \"5.0-5.4\": 0.01079,\n    \"6.2-6.4\": 0,\n    \"7.2-7.4\": 0.17531,\n    \"8.2\": 0,\n    \"9.2\": 0.03089,\n    \"10.1\": 0,\n    \"11.1-11.2\": 0.05156,\n    \"12.0\": 0.01031,\n    \"13.0\": 0.04125,\n    \"14.0\": 0.05156,\n    \"15.0\": 0.03094,\n    \"16.0\": 0.10313,\n    \"17.0\": 0.78375,\n    \"18.0\": 0.88688\n  },\n  I: {\n    \"0\": 0,\n    \"3\": 0,\n    \"4\": 0,\n    \"2.1\": 0,\n    \"2.2\": 0,\n    \"2.3\": 0,\n    \"4.1\": 0.00404,\n    \"4.2-4.3\": 0.0111,\n    \"4.4\": 0,\n    \"4.4.3-4.4.4\": 0.06154\n  },\n  K: {\n    _: \"0 10 11 12 11.1 11.5 12.1\"\n  },\n  A: {\n    \"9\": 0.00905,\n    \"11\": 0.09048,\n    _: \"6 7 8 10 5.5\"\n  },\n  J: {\n    \"7\": 0,\n    \"10\": 0\n  },\n  N: {\n    \"10\": 0,\n    \"11\": 0\n  },\n  L: {\n    \"0\": 47.48654\n  },\n  S: {\n    \"2.5\": 0\n  },\n  R: {\n    _: \"0\"\n  },\n  M: {\n    \"0\": 0.13693\n  },\n  Q: {\n    \"10.4\": 0\n  },\n  O: {\n    \"0\": 0.06025\n  },\n  H: {\n    \"0\": 0.20223\n  }\n};","map":{"version":3,"names":["module","exports","C","_","D","F","B","E","G","P","I","K","A","J","N","L","S","R","M","Q","O","H"],"sources":["C:/Users/Rohith/mern/frontend/node_modules/caniuse-lite/data/regions/alt-sa.js"],