{"ast":null,"code":"module.exports = {\n  C: {\n    \"34\": 0.00517,\n    \"43\": 0.00517,\n    \"47\": 0.00517,\n    \"52\": 0.06726,\n    \"55\": 0.00259,\n    \"56\": 0.00517,\n    \"57\": 0.00259,\n    \"60\": 0.00259,\n    \"65\": 0.00517,\n    \"66\": 0.00259,\n    \"68\": 0.00259,\n    \"70\": 0.00259,\n    \"72\": 0.00776,\n    \"78\": 0.01294,\n    \"80\": 0.00259,\n    \"81\": 0.00259,\n    \"84\": 0.00776,\n    \"87\": 0.00259,\n    \"88\": 0.00517,\n    \"89\": 0.00517,\n    \"91\": 0.03104,\n    \"94\": 0.00517,\n    \"95\": 0.00517,\n    \"96\": 0.00517,\n    \"97\": 0.00517,\n    \"98\": 0.00517,\n    \"99\": 0.0207,\n    \"100\": 0.01552,\n    \"101\": 0.01552,\n    \"102\": 0.06209,\n    \"103\": 1.28574,\n    \"104\": 0.25353,\n    \"105\": 0.01035,\n    _: \"2 3 4 5 6 7 8 9 10 11 12 13 14 15 16 17 18 19 20 21 22 23 24 25 26 27 28 29 30 31 32 33 35 36 37 38 39 40 41 42 44 45 46 48 49 50 51 53 54 58 59 61 62 63 64 67 69 71 73 74 75 76 77 79 82 83 85 86 90 92 93 106 3.5 3.6\"\n  },\n  D: {\n    \"33\": 0.00517,\n    \"34\": 0.00259,\n    \"38\": 0.00517,\n    \"40\": 0.00776,\n    \"42\": 0.00259,\n    \"43\": 0.03881,\n    \"46\": 0.00517,\n    \"47\": 0.00517,\n    \"49\": 0.03104,\n    \"50\": 0.00517,\n    \"51\": 0.00517,\n    \"52\": 0.00517,\n    \"53\": 0.00259,\n    \"55\": 0.00517,\n    \"56\": 0.00517,\n    \"58\": 0.00517,\n    \"60\": 0.00517,\n    \"62\": 0.00517,\n    \"63\": 0.01294,\n    \"64\": 0.00776,\n    \"65\": 0.00776,\n    \"66\": 0.01294,\n    \"67\": 0.00517,\n    \"68\": 0.00776,\n    \"69\": 0.02587,\n    \"70\": 0.01294,\n    \"71\": 0.00776,\n    \"72\": 0.01294,\n    \"73\": 0.00517,\n    \"74\": 0.0207,\n    \"75\": 0.00776,\n    \"76\": 0.01294,\n    \"77\": 0.01294,\n    \"78\": 0.01035,\n    \"79\": 0.07244,\n    \"80\": 0.0207,\n    \"81\": 0.02846,\n    \"83\": 0.01811,\n    \"84\": 0.0207,\n    \"85\": 0.02846,\n    \"86\": 0.04657,\n    \"87\": 0.05691,\n    \"88\": 0.01811,\n    \"89\": 0.02587,\n    \"90\": 0.0207,\n    \"91\": 0.02328,\n    \"92\": 0.03363,\n    \"93\": 0.02328,\n    \"94\": 0.0207,\n    \"95\": 0.02587,\n    \"96\": 0.04139,\n    \"97\": 0.04139,\n    \"98\": 0.0595,\n    \"99\": 0.05433,\n    \"100\": 0.06209,\n    \"101\": 0.06985,\n    \"102\": 0.15005,\n    \"103\": 3.50539,\n    \"104\": 9.49429,\n    \"105\": 0.03881,\n    \"106\": 0.01035,\n    _: \"4 5 6 7 8 9 10 11 12 13 14 15 16 17 18 19 20 21 22 23 24 25 26 27 28 29 30 31 32 35 36 37 39 41 44 45 48 54 57 59 61 107 108\"\n  },\n  F: {\n    \"28\": 0.00776,\n    \"36\": 0.00259,\n    \"64\": 0.00259,\n    \"70\": 0.00259,\n    \"72\": 0.00259,\n    \"73\": 0.00259,\n    \"79\": 0.0207,\n    \"80\": 0.00517,\n    \"81\": 0.00517,\n    \"82\": 0.00776,\n    \"83\": 0.00517,\n    \"84\": 0.00776,\n    \"85\": 0.02328,\n    \"86\": 0.01035,\n    \"87\": 0.01035,\n    \"88\": 0.02328,\n    \"89\": 0.58208,\n    \"90\": 0.0802,\n    _: \"9 11 12 15 16 17 18 19 20 21 22 23 24 25 26 27 29 30 31 32 33 34 35 37 38 39 40 41 42 43 44 45 46 47 48 49 50 51 52 53 54 55 56 57 58 60 62 63 65 66 67 68 69 71 74 75 76 77 78 9.5-9.6 10.5 10.6 11.1 11.5 11.6 12.1\",\n    \"10.0-10.1\": 0\n  },\n  B: {\n    \"12\": 0.01552,\n    \"13\": 0.00517,\n    \"14\": 0.00517,\n    \"15\": 0.00776,\n    \"16\": 0.00776,\n    \"17\": 0.01035,\n    \"18\": 0.04139,\n    \"84\": 0.01035,\n    \"85\": 0.00517,\n    \"89\": 0.00776,\n    \"90\": 0.00776,\n    \"92\": 0.02328,\n    \"95\": 0.00517,\n    \"96\": 0.00517,\n    \"97\": 0.00259,\n    \"98\": 0.00517,\n    \"99\": 0.01035,\n    \"100\": 0.01035,\n    \"101\": 0.02587,\n    \"102\": 0.0207,\n    \"103\": 0.64158,\n    \"104\": 1.67638,\n    _: \"79 80 81 83 86 87 88 91 93 94 105\"\n  },\n  E: {\n    \"4\": 0,\n    \"13\": 0.01035,\n    \"14\": 0.03104,\n    \"15\": 0.00776,\n    _: \"0 5 6 7 8 9 10 11 12 3.1 3.2 6.1 7.1\",\n    \"5.1\": 0.00776,\n    \"9.1\": 0.00259,\n    \"10.1\": 0.00259,\n    \"11.1\": 0.00776,\n    \"12.1\": 0.01294,\n    \"13.1\": 0.04657,\n    \"14.1\": 0.07761,\n    \"15.1\": 0.01811,\n    \"15.2-15.3\": 0.01811,\n    \"15.4\": 0.04139,\n    \"15.5\": 0.14746,\n    \"15.6\": 0.24835,\n    \"16.0\": 0.00517\n  },\n  G: {\n    \"8\": 0.00169,\n    \"3.2\": 0,\n    \"4.0-4.1\": 0,\n    \"4.2-4.3\": 0,\n    \"5.0-5.1\": 0.00338,\n    \"6.0-6.1\": 0.00084,\n    \"7.0-7.1\": 0.02111,\n    \"8.1-8.4\": 0.00253,\n    \"9.0-9.2\": 0.00169,\n    \"9.3\": 0.06164,\n    \"10.0-10.2\": 0.01182,\n    \"10.3\": 0.08697,\n    \"11.0-11.2\": 0.03124,\n    \"11.3-11.4\": 0.02533,\n    \"12.0-12.1\": 0.03462,\n    \"12.2-12.5\": 0.75489,\n    \"13.0-13.1\": 0.02871,\n    \"13.2\": 0.01351,\n    \"13.3\": 0.06417,\n    \"13.4-13.7\": 0.12244,\n    \"14.0-14.4\": 0.45597,\n    \"14.5-14.8\": 0.63414,\n    \"15.0-15.1\": 0.30736,\n    \"15.2-15.3\": 0.37153,\n    \"15.4\": 0.42389,\n    \"15.5\": 1.77914,\n    \"15.6\": 3.12426,\n    \"16.0\": 0.07937\n  },\n  P: {\n    \"4\": 0.25754,\n    \"5.0-5.4\": 0.01028,\n    \"6.2-6.4\": 0,\n    \"7.2-7.4\": 0.25754,\n    \"8.2\": 0,\n    \"9.2\": 0.03091,\n    \"10.1\": 0.0103,\n    \"11.1-11.2\": 0.07211,\n    \"12.0\": 0.03091,\n    \"13.0\": 0.08241,\n    \"14.0\": 0.11332,\n    \"15.0\": 0.06181,\n    \"16.0\": 0.21634,\n    \"17.0\": 1.35983,\n    \"18.0\": 1.57617\n  },\n  I: {\n    \"0\": 0,\n    \"3\": 0,\n    \"4\": 0,\n    \"2.1\": 0,\n    \"2.2\": 0,\n    \"2.3\": 0,\n    \"4.1\": 0.00346,\n    \"4.2-4.3\": 0.01,\n    \"4.4\": 0,\n    \"4.4.3-4.4.4\": 0.06807\n  },\n  K: {\n    _: \"0 10 11 12 11.1 11.5 12.1\"\n  },\n  A: {\n    \"8\": 0.00529,\n    \"9\": 0.00529,\n    \"11\": 0.11102,\n    _: \"6 7 10 5.5\"\n  },\n  J: {\n    \"7\": 0,\n    \"10\": 0.00741\n  },\n  N: {\n    \"10\": 0,\n    \"11\": 0\n  },\n  L: {\n    \"0\": 55.72084\n  },\n  S: {\n    \"2.5\": 0.02224\n  },\n  R: {\n    _: \"0\"\n  },\n  M: {\n    \"0\": 0.29648\n  },\n  Q: {\n    \"10.4\": 0\n  },\n  O: {\n    \"0\": 0.65967\n  },\n  H: {\n    \"0\": 9.1785\n  }\n};","map":{"version":3,"names":["module","exports","C","_","D","F","B","E","G","P","I","K","A","J","N","L","S","R","M","Q","O","H"],"sources":["C:/Users/Rohith/mern/frontend/node_modules/caniuse-lite/data/regions/alt-af.js"],