{"ast":null,"code":"module.exports = {\n  C: {\n    \"48\": 0.00457,\n    \"50\": 0.00913,\n    \"52\": 0.09134,\n    \"53\": 0.00457,\n    \"56\": 0.0137,\n    \"59\": 0.00913,\n    \"60\": 0.00457,\n    \"68\": 0.01827,\n    \"72\": 0.00913,\n    \"77\": 0.01827,\n    \"78\": 0.06394,\n    \"79\": 0.00913,\n    \"80\": 0.00913,\n    \"81\": 0.06394,\n    \"82\": 0.00913,\n    \"83\": 0.00913,\n    \"84\": 0.00913,\n    \"86\": 0.00913,\n    \"87\": 0.0137,\n    \"88\": 0.0137,\n    \"89\": 0.00913,\n    \"90\": 0.0137,\n    \"91\": 0.12331,\n    \"92\": 0.00913,\n    \"93\": 0.00913,\n    \"94\": 0.0548,\n    \"95\": 0.03197,\n    \"96\": 0.00913,\n    \"97\": 0.0137,\n    \"98\": 0.0137,\n    \"99\": 0.02284,\n    \"100\": 0.02284,\n    \"101\": 0.03654,\n    \"102\": 0.20095,\n    \"103\": 3.69927,\n    \"104\": 0.62568,\n    _: \"2 3 4 5 6 7 8 9 10 11 12 13 14 15 16 17 18 19 20 21 22 23 24 25 26 27 28 29 30 31 32 33 34 35 36 37 38 39 40 41 42 43 44 45 46 47 49 51 54 55 57 58 61 62 63 64 65 66 67 69 70 71 73 74 75 76 85 105 106 3.5 3.6\"\n  },\n  D: {\n    \"22\": 0.0137,\n    \"34\": 0.00457,\n    \"38\": 0.0137,\n    \"40\": 0.04567,\n    \"41\": 0.00457,\n    \"43\": 0.00913,\n    \"47\": 0.0137,\n    \"48\": 0.00457,\n    \"49\": 0.07307,\n    \"51\": 0.00913,\n    \"52\": 0.0137,\n    \"53\": 0.00457,\n    \"56\": 0.02284,\n    \"60\": 0.03654,\n    \"61\": 0.00913,\n    \"62\": 0.00457,\n    \"63\": 0.0137,\n    \"64\": 0.00457,\n    \"65\": 0.0274,\n    \"66\": 0.0548,\n    \"67\": 0.0137,\n    \"68\": 0.00913,\n    \"69\": 0.05937,\n    \"70\": 0.01827,\n    \"71\": 0.00913,\n    \"72\": 0.0137,\n    \"73\": 0.00457,\n    \"74\": 0.0137,\n    \"75\": 0.13701,\n    \"76\": 0.01827,\n    \"77\": 0.0137,\n    \"78\": 0.03197,\n    \"79\": 0.14158,\n    \"80\": 0.09591,\n    \"81\": 0.0274,\n    \"83\": 0.05937,\n    \"84\": 0.08677,\n    \"85\": 0.15985,\n    \"86\": 0.10504,\n    \"87\": 0.12331,\n    \"88\": 0.02284,\n    \"89\": 0.0411,\n    \"90\": 0.02284,\n    \"91\": 0.07307,\n    \"92\": 0.04567,\n    \"93\": 0.0548,\n    \"94\": 0.0548,\n    \"95\": 0.03197,\n    \"96\": 0.09134,\n    \"97\": 0.06851,\n    \"98\": 0.07307,\n    \"99\": 0.07307,\n    \"100\": 0.15528,\n    \"101\": 0.16441,\n    \"102\": 0.32426,\n    \"103\": 6.49884,\n    \"104\": 16.50971,\n    \"105\": 0.0548,\n    \"106\": 0.00457,\n    _: \"4 5 6 7 8 9 10 11 12 13 14 15 16 17 18 19 20 21 23 24 25 26 27 28 29 30 31 32 33 35 36 37 39 42 44 45 46 50 54 55 57 58 59 107 108\"\n  },\n  F: {\n    \"31\": 0.02284,\n    \"36\": 0.00457,\n    \"40\": 0.01827,\n    \"46\": 0.00913,\n    \"68\": 0.00913,\n    \"71\": 0.00457,\n    \"79\": 0.00457,\n    \"82\": 0.00457,\n    \"84\": 0.00457,\n    \"85\": 0.03654,\n    \"86\": 0.00913,\n    \"87\": 0.00913,\n    \"88\": 0.03197,\n    \"89\": 1.87247,\n    \"90\": 0.18268,\n    _: \"9 11 12 15 16 17 18 19 20 21 22 23 24 25 26 27 28 29 30 32 33 34 35 37 38 39 41 42 43 44 45 47 48 49 50 51 52 53 54 55 56 57 58 60 62 63 64 65 66 67 69 70 72 73 74 75 76 77 78 80 81 83 9.5-9.6 10.5 10.6 11.1 11.5 11.6 12.1\",\n    \"10.0-10.1\": 0\n  },\n  B: {\n    \"15\": 0.00913,\n    \"17\": 0.00913,\n    \"18\": 0.02284,\n    \"84\": 0.00913,\n    \"85\": 0.00913,\n    \"86\": 0.00457,\n    \"92\": 0.00913,\n    \"95\": 0.00457,\n    \"96\": 0.00913,\n    \"97\": 0.00913,\n    \"98\": 0.00913,\n    \"99\": 0.00913,\n    \"100\": 0.0137,\n    \"101\": 0.06851,\n    \"102\": 0.05024,\n    \"103\": 1.48884,\n    \"104\": 4.05093,\n    _: \"12 13 14 16 79 80 81 83 87 88 89 90 91 93 94 105\"\n  },\n  E: {\n    \"4\": 0,\n    \"13\": 0.03197,\n    \"14\": 0.13701,\n    \"15\": 0.0411,\n    _: \"0 5 6 7 8 9 10 11 12 3.1 3.2 5.1 6.1 7.1\",\n    \"9.1\": 0.0137,\n    \"10.1\": 0.00457,\n    \"11.1\": 0.03197,\n    \"12.1\": 0.04567,\n    \"13.1\": 0.21008,\n    \"14.1\": 0.36993,\n    \"15.1\": 0.07307,\n    \"15.2-15.3\": 0.06851,\n    \"15.4\": 0.21465,\n    \"15.5\": 0.83576,\n    \"15.6\": 1.64412,\n    \"16.0\": 0.01827\n  },\n  G: {\n    \"8\": 0,\n    \"3.2\": 0,\n    \"4.0-4.1\": 0,\n    \"4.2-4.3\": 0,\n    \"5.0-5.1\": 0.00635,\n    \"6.0-6.1\": 0.00159,\n    \"7.0-7.1\": 0.01428,\n    \"8.1-8.4\": 0.00476,\n    \"9.0-9.2\": 0.01428,\n    \"9.3\": 0.09361,\n    \"10.0-10.2\": 0.00317,\n    \"10.3\": 0.0952,\n    \"11.0-11.2\": 0.03015,\n    \"11.3-11.4\": 0.03649,\n    \"12.0-12.1\": 0.03173,\n    \"12.2-12.5\": 0.50772,\n    \"13.0-13.1\": 0.01745,\n    \"13.2\": 0.00793,\n    \"13.3\": 0.03808,\n    \"13.4-13.7\": 0.12693,\n    \"14.0-14.4\": 0.34906,\n    \"14.5-14.8\": 0.95514,\n    \"15.0-15.1\": 0.23641,\n    \"15.2-15.3\": 0.42045,\n    \"15.4\": 0.59816,\n    \"15.5\": 3.57783,\n    \"15.6\": 8.55663,\n    \"16.0\": 0.1301\n  },\n  P: {\n    \"4\": 0.11508,\n    \"5.0-5.4\": 0,\n    \"6.2-6.4\": 0,\n    \"7.2-7.4\": 0.01046,\n    \"8.2\": 0,\n    \"9.2\": 0.03089,\n    \"10.1\": 0,\n    \"11.1-11.2\": 0.03139,\n    \"12.0\": 0.02092,\n    \"13.0\": 0.06277,\n    \"14.0\": 0.06277,\n    \"15.0\": 0.20924,\n    \"16.0\": 0.11508,\n    \"17.0\": 1.26589,\n    \"18.0\": 1.90406\n  },\n  I: {\n    \"0\": 0,\n    \"3\": 0,\n    \"4\": 0.02056,\n    \"2.1\": 0,\n    \"2.2\": 0.00411,\n    \"2.3\": 0,\n    \"4.1\": 0.02194,\n    \"4.2-4.3\": 0.02605,\n    \"4.4\": 0,\n    \"4.4.3-4.4.4\": 0.07403\n  },\n  K: {\n    _: \"0 10 11 12 11.1 11.5 12.1\"\n  },\n  A: {\n    \"8\": 0.0142,\n    \"9\": 0.02367,\n    \"11\": 0.22245,\n    _: \"6 7 10 5.5\"\n  },\n  J: {\n    \"7\": 0,\n    \"10\": 0\n  },\n  N: {\n    \"10\": 0,\n    \"11\": 0\n  },\n  L: {\n    \"0\": 33.64314\n  },\n  S: {\n    \"2.5\": 0\n  },\n  R: {\n    _: \"0\"\n  },\n  M: {\n    \"0\": 0.48897\n  },\n  Q: {\n    \"10.4\": 0.00543\n  },\n  O: {\n    \"0\": 0.11953\n  },\n  H: {\n    \"0\": 0.61209\n  }\n};","map":{"version":3,"names":["module","exports","C","_","D","F","B","E","G","P","I","K","A","J","N","L","S","R","M","Q","O","H"],"sources":["C:/Users/Rohith/mern/frontend/node_modules/caniuse-lite/data/regions/alt-eu.js"],