{"ast":null,"code":"module.exports = {\n  C: {\n    \"52\": 0.07563,\n    \"55\": 0.00445,\n    \"60\": 0.00445,\n    \"68\": 0.01335,\n    \"78\": 0.03114,\n    \"82\": 0.08008,\n    \"87\": 0.09788,\n    \"91\": 0.24914,\n    \"93\": 0.0178,\n    \"96\": 0.00445,\n    \"97\": 0.0089,\n    \"98\": 0.0089,\n    \"99\": 0.02225,\n    \"100\": 0.00445,\n    \"101\": 0.0178,\n    \"102\": 0.28029,\n    \"103\": 2.16221,\n    \"104\": 0.28029,\n    _: \"2 3 4 5 6 7 8 9 10 11 12 13 14 15 16 17 18 19 20 21 22 23 24 25 26 27 28 29 30 31 32 33 34 35 36 37 38 39 40 41 42 43 44 45 46 47 48 49 50 51 53 54 56 57 58 59 61 62 63 64 65 66 67 69 70 71 72 73 74 75 76 77 79 80 81 83 84 85 86 88 89 90 92 94 95 105 106 3.5\",\n    \"3.6\": 0.04449\n  },\n  D: {\n    \"49\": 0.11123,\n    \"61\": 0.00445,\n    \"63\": 0.00445,\n    \"64\": 0.0089,\n    \"67\": 0.01335,\n    \"68\": 0.0178,\n    \"69\": 0.0178,\n    \"70\": 0.01335,\n    \"71\": 0.02225,\n    \"72\": 0.01335,\n    \"74\": 0.04449,\n    \"75\": 0.53833,\n    \"77\": 0.0089,\n    \"78\": 0.02225,\n    \"79\": 0.10678,\n    \"80\": 0.2358,\n    \"81\": 0.0089,\n    \"83\": 0.0178,\n    \"84\": 0.10233,\n    \"85\": 0.05339,\n    \"86\": 0.11567,\n    \"87\": 0.03114,\n    \"88\": 0.02225,\n    \"89\": 0.02225,\n    \"90\": 0.01335,\n    \"91\": 0.0178,\n    \"92\": 0.05339,\n    \"93\": 0.01335,\n    \"94\": 0.06674,\n    \"95\": 0.01335,\n    \"96\": 0.12012,\n    \"97\": 0.08898,\n    \"98\": 0.05339,\n    \"99\": 0.07563,\n    \"100\": 0.08453,\n    \"101\": 0.19131,\n    \"102\": 0.60062,\n    \"103\": 7.91922,\n    \"104\": 19.77136,\n    \"105\": 0.05339,\n    \"106\": 0.02669,\n    _: \"4 5 6 7 8 9 10 11 12 13 14 15 16 17 18 19 20 21 22 23 24 25 26 27 28 29 30 31 32 33 34 35 36 37 38 39 40 41 42 43 44 45 46 47 48 50 51 52 53 54 55 56 57 58 59 60 62 65 66 73 76 107 108\"\n  },\n  F: {\n    \"36\": 0.00445,\n    \"79\": 0.0089,\n    \"82\": 0.00445,\n    \"84\": 0.0089,\n    \"85\": 0.04449,\n    \"87\": 0.01335,\n    \"88\": 0.02225,\n    \"89\": 2.51813,\n    \"90\": 0.36037,\n    _: \"9 11 12 15 16 17 18 19 20 21 22 23 24 25 26 27 28 29 30 31 32 33 34 35 37 38 39 40 41 42 43 44 45 46 47 48 49 50 51 52 53 54 55 56 57 58 60 62 63 64 65 66 67 68 69 70 71 72 73 74 75 76 77 78 80 81 83 86 9.5-9.6 10.5 10.6 11.1 11.5 11.6 12.1\",\n    \"10.0-10.1\": 0\n  },\n  B: {\n    \"18\": 0.0089,\n    \"92\": 0.0089,\n    \"97\": 0.00445,\n    \"101\": 0.01335,\n    \"102\": 0.02225,\n    \"103\": 0.39151,\n    \"104\": 1.08556,\n    _: \"12 13 14 15 16 17 79 80 81 83 84 85 86 87 88 89 90 91 93 94 95 96 98 99 100 105\"\n  },\n  E: {\n    \"4\": 0,\n    \"11\": 0.00445,\n    \"13\": 0.03114,\n    \"14\": 0.07118,\n    \"15\": 0.0089,\n    _: \"0 5 6 7 8 9 10 12 3.1 3.2 6.1 7.1 10.1 11.1\",\n    \"5.1\": 0.0089,\n    \"9.1\": 0.0089,\n    \"12.1\": 0.01335,\n    \"13.1\": 0.08008,\n    \"14.1\": 0.16461,\n    \"15.1\": 0.04449,\n    \"15.2-15.3\": 0.02225,\n    \"15.4\": 0.13347,\n    \"15.5\": 0.25804,\n    \"15.6\": 0.42266,\n    \"16.0\": 0.01335\n  },\n  G: {\n    \"8\": 0.00202,\n    \"3.2\": 0,\n    \"4.0-4.1\": 0,\n    \"4.2-4.3\": 0,\n    \"5.0-5.1\": 0,\n    \"6.0-6.1\": 0,\n    \"7.0-7.1\": 0.00505,\n    \"8.1-8.4\": 0,\n    \"9.0-9.2\": 0,\n    \"9.3\": 0.01717,\n    \"10.0-10.2\": 0.00101,\n    \"10.3\": 0.03738,\n    \"11.0-11.2\": 0.01717,\n    \"11.3-11.4\": 0.01414,\n    \"12.0-12.1\": 0.01111,\n    \"12.2-12.5\": 0.30712,\n    \"13.0-13.1\": 0.01717,\n    \"13.2\": 0.00909,\n    \"13.3\": 0.02526,\n    \"13.4-13.7\": 0.1384,\n    \"14.0-14.4\": 0.25862,\n    \"14.5-14.8\": 0.75264,\n    \"15.0-15.1\": 0.16972,\n    \"15.2-15.3\": 0.27984,\n    \"15.4\": 0.50109,\n    \"15.5\": 2.42764,\n    \"15.6\": 4.9371,\n    \"16.0\": 0.16669\n  },\n  P: {\n    \"4\": 0.2273,\n    \"5.0-5.4\": 0,\n    \"6.2-6.4\": 0,\n    \"7.2-7.4\": 0.05166,\n    \"8.2\": 0,\n    \"9.2\": 0,\n    \"10.1\": 0,\n    \"11.1-11.2\": 0.02066,\n    \"12.0\": 0,\n    \"13.0\": 0.031,\n    \"14.0\": 0.04133,\n    \"15.0\": 0.02066,\n    \"16.0\": 0.08266,\n    \"17.0\": 0.80589,\n    \"18.0\": 1.03319\n  },\n  I: {\n    \"0\": 0,\n    \"3\": 0,\n    \"4\": 0,\n    \"2.1\": 0,\n    \"2.2\": 0,\n    \"2.3\": 0,\n    \"4.1\": 0.00828,\n    \"4.2-4.3\": 0.02483,\n    \"4.4\": 0,\n    \"4.4.3-4.4.4\": 0.06124\n  },\n  K: {\n    _: \"0 10 11 12 11.1 11.5 12.1\"\n  },\n  A: {\n    \"8\": 0.01335,\n    \"11\": 0.28919,\n    _: \"6 7 9 10 5.5\"\n  },\n  J: {\n    \"7\": 0,\n    \"10\": 0\n  },\n  N: {\n    \"10\": 0,\n    \"11\": 0\n  },\n  L: {\n    \"0\": 43.63078\n  },\n  S: {\n    \"2.5\": 0\n  },\n  R: {\n    _: \"0\"\n  },\n  M: {\n    \"0\": 0.37185\n  },\n  Q: {\n    \"10.4\": 0\n  },\n  O: {\n    \"0\": 0.07215\n  },\n  H: {\n    \"0\": 0.2417\n  }\n};","map":{"version":3,"names":["module","exports","C","_","D","F","B","E","G","P","I","K","A","J","N","L","S","R","M","Q","O","H"],"sources":["C:/Users/Rohith/mern/frontend/node_modules/caniuse-lite/data/regions/MD.js"],