{"ast":null,"code":"module.exports = {\n  C: {\n    \"11\": 0.00561,\n    \"52\": 0.03366,\n    \"54\": 0.01683,\n    \"59\": 0.00561,\n    \"66\": 0.00561,\n    \"78\": 0.0561,\n    \"79\": 0.00561,\n    \"80\": 0.00561,\n    \"82\": 0.00561,\n    \"87\": 0.00561,\n    \"91\": 0.0561,\n    \"93\": 0.01122,\n    \"94\": 0.09537,\n    \"95\": 0.00561,\n    \"98\": 0.01122,\n    \"99\": 0.01122,\n    \"100\": 0.01683,\n    \"101\": 0.02244,\n    \"102\": 0.12342,\n    \"103\": 1.83447,\n    \"104\": 0.33099,\n    \"105\": 0.00561,\n    _: \"2 3 4 5 6 7 8 9 10 12 13 14 15 16 17 18 19 20 21 22 23 24 25 26 27 28 29 30 31 32 33 34 35 36 37 38 39 40 41 42 43 44 45 46 47 48 49 50 51 53 55 56 57 58 60 61 62 63 64 65 67 68 69 70 71 72 73 74 75 76 77 81 83 84 85 86 88 89 90 92 96 97 106 3.5 3.6\"\n  },\n  D: {\n    \"25\": 0.01122,\n    \"26\": 0.01122,\n    \"34\": 0.02244,\n    \"38\": 0.07854,\n    \"49\": 0.03927,\n    \"53\": 0.01122,\n    \"58\": 0.00561,\n    \"59\": 0.03366,\n    \"60\": 0.05049,\n    \"63\": 0.00561,\n    \"65\": 0.01683,\n    \"66\": 0.02244,\n    \"67\": 0.01122,\n    \"68\": 0.01122,\n    \"69\": 0.02805,\n    \"70\": 0.00561,\n    \"72\": 0.00561,\n    \"73\": 0.01122,\n    \"74\": 0.02244,\n    \"75\": 0.01122,\n    \"76\": 0.01683,\n    \"77\": 0.01122,\n    \"78\": 0.01122,\n    \"79\": 0.14586,\n    \"80\": 0.03927,\n    \"81\": 0.03366,\n    \"83\": 0.04488,\n    \"84\": 0.03927,\n    \"85\": 0.07854,\n    \"86\": 0.18513,\n    \"87\": 0.12342,\n    \"88\": 0.02805,\n    \"89\": 0.02244,\n    \"90\": 0.02244,\n    \"91\": 0.03366,\n    \"92\": 0.06732,\n    \"93\": 0.08415,\n    \"94\": 0.05049,\n    \"95\": 0.03927,\n    \"96\": 0.14025,\n    \"97\": 0.11781,\n    \"98\": 0.10098,\n    \"99\": 0.11781,\n    \"100\": 0.24123,\n    \"101\": 0.21879,\n    \"102\": 0.53856,\n    \"103\": 10.18215,\n    \"104\": 21.44703,\n    \"105\": 0.06171,\n    \"106\": 0.01122,\n    _: \"4 5 6 7 8 9 10 11 12 13 14 15 16 17 18 19 20 21 22 23 24 27 28 29 30 31 32 33 35 36 37 39 40 41 42 43 44 45 46 47 48 50 51 52 54 55 56 57 61 62 64 71 107 108\"\n  },\n  F: {\n    \"46\": 0.02805,\n    \"88\": 0.01683,\n    \"89\": 0.60588,\n    \"90\": 0.04488,\n    _: \"9 11 12 15 16 17 18 19 20 21 22 23 24 25 26 27 28 29 30 31 32 33 34 35 36 37 38 39 40 41 42 43 44 45 47 48 49 50 51 52 53 54 55 56 57 58 60 62 63 64 65 66 67 68 69 70 71 72 73 74 75 76 77 78 79 80 81 82 83 84 85 86 87 9.5-9.6 10.5 10.6 11.1 11.5 11.6 12.1\",\n    \"10.0-10.1\": 0\n  },\n  B: {\n    \"17\": 0.00561,\n    \"18\": 0.01683,\n    \"84\": 0.00561,\n    \"85\": 0.02244,\n    \"86\": 0.00561,\n    \"90\": 0.00561,\n    \"92\": 0.01122,\n    \"95\": 0.01122,\n    \"96\": 0.02244,\n    \"97\": 0.00561,\n    \"98\": 0.01122,\n    \"99\": 0.01683,\n    \"100\": 0.01683,\n    \"101\": 0.07854,\n    \"102\": 0.06171,\n    \"103\": 2.10375,\n    \"104\": 5.06022,\n    _: \"12 13 14 15 16 79 80 81 83 87 88 89 91 93 94 105\"\n  },\n  E: {\n    \"4\": 0,\n    \"12\": 0.01122,\n    \"13\": 0.06732,\n    \"14\": 0.2805,\n    \"15\": 0.07854,\n    _: \"0 5 6 7 8 9 10 11 3.1 3.2 5.1 6.1 7.1\",\n    \"9.1\": 0.01122,\n    \"10.1\": 0.01683,\n    \"11.1\": 0.05049,\n    \"12.1\": 0.09537,\n    \"13.1\": 0.40953,\n    \"14.1\": 0.86955,\n    \"15.1\": 0.14586,\n    \"15.2-15.3\": 0.13464,\n    \"15.4\": 0.44319,\n    \"15.5\": 1.81203,\n    \"15.6\": 3.49503,\n    \"16.0\": 0.02244\n  },\n  G: {\n    \"8\": 0,\n    \"3.2\": 0,\n    \"4.0-4.1\": 0,\n    \"4.2-4.3\": 0,\n    \"5.0-5.1\": 0.01402,\n    \"6.0-6.1\": 0.00801,\n    \"7.0-7.1\": 0.01201,\n    \"8.1-8.4\": 0.01602,\n    \"9.0-9.2\": 0.01402,\n    \"9.3\": 0.1602,\n    \"10.0-10.2\": 0.01201,\n    \"10.3\": 0.17822,\n    \"11.0-11.2\": 0.04606,\n    \"11.3-11.4\": 0.06608,\n    \"12.0-12.1\": 0.04405,\n    \"12.2-12.5\": 0.83702,\n    \"13.0-13.1\": 0.03004,\n    \"13.2\": 0.01001,\n    \"13.3\": 0.07009,\n    \"13.4-13.7\": 0.1662,\n    \"14.0-14.4\": 0.47258,\n    \"14.5-14.8\": 1.21348,\n    \"15.0-15.1\": 0.29636,\n    \"15.2-15.3\": 0.45455,\n    \"15.4\": 0.66681,\n    \"15.5\": 3.86872,\n    \"15.6\": 11.26373,\n    \"16.0\": 0.09812\n  },\n  P: {\n    \"4\": 0.22666,\n    \"5.0-5.4\": 0.01079,\n    \"6.2-6.4\": 0,\n    \"7.2-7.4\": 0.03238,\n    \"8.2\": 0,\n    \"9.2\": 0.03089,\n    \"10.1\": 0,\n    \"11.1-11.2\": 0.04317,\n    \"12.0\": 0.01079,\n    \"13.0\": 0.06476,\n    \"14.0\": 0.07555,\n    \"15.0\": 0.04317,\n    \"16.0\": 0.14031,\n    \"17.0\": 1.17646,\n    \"18.0\": 1.56502\n  },\n  I: {\n    \"0\": 0,\n    \"3\": 0,\n    \"4\": 0.00268,\n    \"2.1\": 0,\n    \"2.2\": 0.00357,\n    \"2.3\": 0.00089,\n    \"4.1\": 0.00268,\n    \"4.2-4.3\": 0.00625,\n    \"4.4\": 0,\n    \"4.4.3-4.4.4\": 0.03661\n  },\n  K: {\n    _: \"0 10 11 12 11.1 11.5 12.1\"\n  },\n  A: {\n    \"8\": 0.01982,\n    \"9\": 0.02973,\n    \"11\": 0.24778,\n    _: \"6 7 10 5.5\"\n  },\n  J: {\n    \"7\": 0,\n    \"10\": 0\n  },\n  N: {\n    \"10\": 0,\n    \"11\": 0\n  },\n  L: {\n    \"0\": 20.98044\n  },\n  S: {\n    \"2.5\": 0\n  },\n  R: {\n    _: \"0\"\n  },\n  M: {\n    \"0\": 0.40827\n  },\n  Q: {\n    \"10.4\": 0.00439\n  },\n  O: {\n    \"0\": 0.08341\n  },\n  H: {\n    \"0\": 0.1704\n  }\n};","map":{"version":3,"names":["module","exports","C","_","D","F","B","E","G","P","I","K","A","J","N","L","S","R","M","Q","O","H"],"sources":["C:/Users/Rohith/mern/frontend/node_modules/caniuse-lite/data/regions/alt-oc.js"],