{"ast":null,"code":"module.exports = {\n  C: {\n    \"4\": 0.01928,\n    \"11\": 0.00771,\n    \"36\": 0.00771,\n    \"43\": 0.02313,\n    \"44\": 0.00771,\n    \"52\": 0.05783,\n    \"54\": 0.00771,\n    \"56\": 0.00771,\n    \"59\": 0.00386,\n    \"60\": 0.00386,\n    \"68\": 0.00771,\n    \"72\": 0.00386,\n    \"77\": 0.00386,\n    \"78\": 0.03855,\n    \"79\": 0.00771,\n    \"80\": 0.00771,\n    \"81\": 0.01928,\n    \"82\": 0.00386,\n    \"83\": 0.00771,\n    \"84\": 0.00771,\n    \"87\": 0.00771,\n    \"88\": 0.00771,\n    \"89\": 0.00771,\n    \"90\": 0.00771,\n    \"91\": 0.08481,\n    \"93\": 0.00386,\n    \"94\": 0.02313,\n    \"95\": 0.01157,\n    \"96\": 0.00771,\n    \"97\": 0.00771,\n    \"98\": 0.00771,\n    \"99\": 0.01542,\n    \"100\": 0.01542,\n    \"101\": 0.02313,\n    \"102\": 0.09638,\n    \"103\": 1.8504,\n    \"104\": 0.35466,\n    \"105\": 0.00386,\n    _: \"2 3 5 6 7 8 9 10 12 13 14 15 16 17 18 19 20 21 22 23 24 25 26 27 28 29 30 31 32 33 34 35 37 38 39 40 41 42 45 46 47 48 49 50 51 53 55 57 58 61 62 63 64 65 66 67 69 70 71 73 74 75 76 85 86 92 106 3.5 3.6\"\n  },\n  D: {\n    \"22\": 0.00386,\n    \"34\": 0.00771,\n    \"38\": 0.01542,\n    \"40\": 0.01542,\n    \"43\": 0.00771,\n    \"47\": 0.00771,\n    \"48\": 0.01928,\n    \"49\": 0.05397,\n    \"52\": 0.00771,\n    \"53\": 0.00771,\n    \"55\": 0.00386,\n    \"56\": 0.04241,\n    \"57\": 0.00386,\n    \"60\": 0.01157,\n    \"61\": 0.01157,\n    \"62\": 0.00386,\n    \"63\": 0.01157,\n    \"64\": 0.00386,\n    \"65\": 0.01157,\n    \"66\": 0.03084,\n    \"67\": 0.01157,\n    \"68\": 0.00771,\n    \"69\": 0.06168,\n    \"70\": 0.0347,\n    \"71\": 0.01542,\n    \"72\": 0.0347,\n    \"73\": 0.01157,\n    \"74\": 0.0347,\n    \"75\": 0.04241,\n    \"76\": 0.04626,\n    \"77\": 0.01542,\n    \"78\": 0.0347,\n    \"79\": 0.13493,\n    \"80\": 0.05397,\n    \"81\": 0.03855,\n    \"83\": 0.06939,\n    \"84\": 0.06168,\n    \"85\": 0.08867,\n    \"86\": 0.08867,\n    \"87\": 0.10409,\n    \"88\": 0.02313,\n    \"89\": 0.04241,\n    \"90\": 0.02699,\n    \"91\": 0.05783,\n    \"92\": 0.05397,\n    \"93\": 0.05012,\n    \"94\": 0.04626,\n    \"95\": 0.02699,\n    \"96\": 0.08867,\n    \"97\": 0.0771,\n    \"98\": 0.08096,\n    \"99\": 0.0771,\n    \"100\": 0.12722,\n    \"101\": 0.1542,\n    \"102\": 0.31611,\n    \"103\": 6.11789,\n    \"104\": 15.10004,\n    \"105\": 0.05397,\n    \"106\": 0.01928,\n    \"107\": 0.00771,\n    _: \"4 5 6 7 8 9 10 11 12 13 14 15 16 17 18 19 20 21 23 24 25 26 27 28 29 30 31 32 33 35 36 37 39 41 42 44 45 46 50 51 54 58 59 108\"\n  },\n  F: {\n    \"28\": 0.00771,\n    \"31\": 0.00386,\n    \"36\": 0.00386,\n    \"40\": 0.00771,\n    \"46\": 0.01157,\n    \"71\": 0.00386,\n    \"79\": 0.00386,\n    \"85\": 0.01542,\n    \"86\": 0.00386,\n    \"87\": 0.00386,\n    \"88\": 0.01928,\n    \"89\": 0.84425,\n    \"90\": 0.08481,\n    _: \"9 11 12 15 16 17 18 19 20 21 22 23 24 25 26 27 29 30 32 33 34 35 37 38 39 41 42 43 44 45 47 48 49 50 51 52 53 54 55 56 57 58 60 62 63 64 65 66 67 68 69 70 72 73 74 75 76 77 78 80 81 82 83 84 9.5-9.6 10.5 10.6 11.1 11.5 11.6 12.1\",\n    \"10.0-10.1\": 0\n  },\n  B: {\n    \"12\": 0.00386,\n    \"15\": 0.00386,\n    \"17\": 0.00771,\n    \"18\": 0.01928,\n    \"84\": 0.00771,\n    \"85\": 0.00771,\n    \"86\": 0.00386,\n    \"87\": 0.00386,\n    \"89\": 0.00386,\n    \"92\": 0.00771,\n    \"96\": 0.00386,\n    \"97\": 0.00386,\n    \"98\": 0.00771,\n    \"99\": 0.00771,\n    \"100\": 0.01157,\n    \"101\": 0.04626,\n    \"102\": 0.0347,\n    \"103\": 1.06784,\n    \"104\": 2.96835,\n    _: \"13 14 16 79 80 81 83 88 90 91 93 94 95 105\"\n  },\n  E: {\n    \"4\": 0,\n    \"13\": 0.03084,\n    \"14\": 0.11565,\n    \"15\": 0.03084,\n    _: \"0 5 6 7 8 9 10 11 12 3.1 3.2 6.1 7.1\",\n    \"5.1\": 0.01157,\n    \"9.1\": 0.01542,\n    \"10.1\": 0.00771,\n    \"11.1\": 0.02313,\n    \"12.1\": 0.04241,\n    \"13.1\": 0.25443,\n    \"14.1\": 0.32382,\n    \"15.1\": 0.05783,\n    \"15.2-15.3\": 0.05397,\n    \"15.4\": 0.17733,\n    \"15.5\": 0.68619,\n    \"15.6\": 1.39166,\n    \"16.0\": 0.01157\n  },\n  G: {\n    \"8\": 0,\n    \"3.2\": 0,\n    \"4.0-4.1\": 0,\n    \"4.2-4.3\": 0.00303,\n    \"5.0-5.1\": 0.00454,\n    \"6.0-6.1\": 0.00454,\n    \"7.0-7.1\": 0.01513,\n    \"8.1-8.4\": 0.00756,\n    \"9.0-9.2\": 0.01513,\n    \"9.3\": 0.06958,\n    \"10.0-10.2\": 0.00756,\n    \"10.3\": 0.08168,\n    \"11.0-11.2\": 0.03933,\n    \"11.3-11.4\": 0.02874,\n    \"12.0-12.1\": 0.03025,\n    \"12.2-12.5\": 0.47949,\n    \"13.0-13.1\": 0.02269,\n    \"13.2\": 0.0121,\n    \"13.3\": 0.04992,\n    \"13.4-13.7\": 0.15882,\n    \"14.0-14.4\": 0.48252,\n    \"14.5-14.8\": 1.06637,\n    \"15.0-15.1\": 0.28739,\n    \"15.2-15.3\": 0.4326,\n    \"15.4\": 0.63831,\n    \"15.5\": 3.16887,\n    \"15.6\": 7.91083,\n    \"16.0\": 0.10588\n  },\n  P: {\n    \"4\": 0.17755,\n    \"5.0-5.4\": 0.01028,\n    \"6.2-6.4\": 0,\n    \"7.2-7.4\": 0.06267,\n    \"8.2\": 0,\n    \"9.2\": 0.01044,\n    \"10.1\": 0,\n    \"11.1-11.2\": 0.04178,\n    \"12.0\": 0.02089,\n    \"13.0\": 0.06267,\n    \"14.0\": 0.06267,\n    \"15.0\": 0.07311,\n    \"16.0\": 0.13578,\n    \"17.0\": 1.00266,\n    \"18.0\": 1.30554\n  },\n  I: {\n    \"0\": 0,\n    \"3\": 0,\n    \"4\": 0.06434,\n    \"2.1\": 0,\n    \"2.2\": 0,\n    \"2.3\": 0,\n    \"4.1\": 0.03509,\n    \"4.2-4.3\": 0.07604,\n    \"4.4\": 0,\n    \"4.4.3-4.4.4\": 0.30999\n  },\n  K: {\n    _: \"0 10 11 12 11.1 11.5 12.1\"\n  },\n  A: {\n    \"8\": 0.03682,\n    \"9\": 0.081,\n    \"11\": 0.45657,\n    _: \"6 7 10 5.5\"\n  },\n  J: {\n    \"7\": 0,\n    \"10\": 0\n  },\n  N: {\n    \"10\": 0,\n    \"11\": 0\n  },\n  L: {\n    \"0\": 42.02107\n  },\n  S: {\n    \"2.5\": 0.02458\n  },\n  R: {\n    _: \"0\"\n  },\n  M: {\n    \"0\": 0.31954\n  },\n  Q: {\n    \"10.4\": 0.14134\n  },\n  O: {\n    \"0\": 0.74355\n  },\n  H: {\n    \"0\": 1.06464\n  }\n};","map":{"version":3,"names":["module","exports","C","_","D","F","B","E","G","P","I","K","A","J","N","L","S","R","M","Q","O","H"],"sources":["C:/Users/Rohith/mern/frontend/node_modules/caniuse-lite/data/regions/alt-ww.js"],