{"ast":null,"code":"module.exports = {\n  C: {\n    \"30\": 0.00212,\n    \"34\": 0.00424,\n    \"37\": 0.00212,\n    \"38\": 0.00212,\n    \"43\": 0.00424,\n    \"44\": 0.00424,\n    \"47\": 0.00424,\n    \"49\": 0.00424,\n    \"52\": 0.02119,\n    \"56\": 0.00212,\n    \"72\": 0.00848,\n    \"78\": 0.0106,\n    \"88\": 0.00424,\n    \"89\": 0.00848,\n    \"91\": 0.03602,\n    \"95\": 0.00424,\n    \"96\": 0.00212,\n    \"97\": 0.00424,\n    \"98\": 0.00424,\n    \"99\": 0.00848,\n    \"100\": 0.01271,\n    \"101\": 0.02119,\n    \"102\": 0.05933,\n    \"103\": 1.24173,\n    \"104\": 0.32209,\n    \"105\": 0.02331,\n    _: \"2 3 4 5 6 7 8 9 10 11 12 13 14 15 16 17 18 19 20 21 22 23 24 25 26 27 28 29 31 32 33 35 36 39 40 41 42 45 46 48 50 51 53 54 55 57 58 59 60 61 62 63 64 65 66 67 68 69 70 71 73 74 75 76 77 79 80 81 82 83 84 85 86 87 90 92 93 94 106 3.5 3.6\"\n  },\n  D: {\n    \"11\": 0.0106,\n    \"32\": 0.00212,\n    \"37\": 0.00212,\n    \"49\": 0.00636,\n    \"50\": 0.00424,\n    \"55\": 0.00424,\n    \"57\": 0.0106,\n    \"58\": 0.00212,\n    \"60\": 0.00212,\n    \"63\": 0.00636,\n    \"64\": 0.00424,\n    \"65\": 0.01271,\n    \"67\": 0.00212,\n    \"68\": 0.00636,\n    \"69\": 0.00848,\n    \"70\": 0.00848,\n    \"71\": 0.00424,\n    \"72\": 0.00636,\n    \"73\": 0.00212,\n    \"74\": 0.01483,\n    \"75\": 0.00636,\n    \"76\": 0.00212,\n    \"77\": 0.00636,\n    \"78\": 0.00424,\n    \"79\": 0.10171,\n    \"80\": 0.01695,\n    \"81\": 0.00636,\n    \"83\": 0.00848,\n    \"84\": 0.0106,\n    \"85\": 0.00424,\n    \"86\": 0.02543,\n    \"87\": 0.02755,\n    \"88\": 0.00848,\n    \"89\": 0.01695,\n    \"90\": 0.01271,\n    \"91\": 0.01907,\n    \"92\": 0.02755,\n    \"93\": 0.0106,\n    \"94\": 0.01695,\n    \"95\": 0.0106,\n    \"96\": 0.03602,\n    \"97\": 0.01907,\n    \"98\": 0.03179,\n    \"99\": 0.05086,\n    \"100\": 0.03814,\n    \"101\": 0.04026,\n    \"102\": 0.12502,\n    \"103\": 2.46228,\n    \"104\": 6.65578,\n    \"105\": 0.03602,\n    \"106\": 0.00424,\n    _: \"4 5 6 7 8 9 10 12 13 14 15 16 17 18 19 20 21 22 23 24 25 26 27 28 29 30 31 33 34 35 36 38 39 40 41 42 43 44 45 46 47 48 51 52 53 54 56 59 61 62 66 107 108\"\n  },\n  F: {\n    \"62\": 0.00212,\n    \"79\": 0.0106,\n    \"85\": 0.0106,\n    \"86\": 0.02543,\n    \"87\": 0.00848,\n    \"88\": 0.01483,\n    \"89\": 0.61875,\n    \"90\": 0.13138,\n    _: \"9 11 12 15 16 17 18 19 20 21 22 23 24 25 26 27 28 29 30 31 32 33 34 35 36 37 38 39 40 41 42 43 44 45 46 47 48 49 50 51 52 53 54 55 56 57 58 60 63 64 65 66 67 68 69 70 71 72 73 74 75 76 77 78 80 81 82 83 84 9.5-9.6 10.5 10.6 11.1 11.5 11.6 12.1\",\n    \"10.0-10.1\": 0\n  },\n  B: {\n    \"12\": 0.02543,\n    \"13\": 0.0106,\n    \"14\": 0.0106,\n    \"15\": 0.0106,\n    \"16\": 0.01907,\n    \"17\": 0.00848,\n    \"18\": 0.07417,\n    \"84\": 0.00636,\n    \"85\": 0.00424,\n    \"86\": 0.00212,\n    \"89\": 0.00848,\n    \"90\": 0.01271,\n    \"92\": 0.02119,\n    \"96\": 0.00212,\n    \"97\": 0.00424,\n    \"98\": 0.00424,\n    \"99\": 0.00424,\n    \"100\": 0.00636,\n    \"101\": 0.01271,\n    \"102\": 0.02331,\n    \"103\": 0.55518,\n    \"104\": 1.16121,\n    _: \"79 80 81 83 87 88 91 93 94 95 105\"\n  },\n  E: {\n    \"4\": 0,\n    \"13\": 0.00848,\n    \"14\": 0.02331,\n    \"15\": 0.00424,\n    _: \"0 5 6 7 8 9 10 11 12 3.1 3.2 5.1 6.1 7.1 9.1 10.1\",\n    \"11.1\": 0.00636,\n    \"12.1\": 0.01271,\n    \"13.1\": 0.04662,\n    \"14.1\": 0.06145,\n    \"15.1\": 0.02331,\n    \"15.2-15.3\": 0.0106,\n    \"15.4\": 0.02119,\n    \"15.5\": 0.08052,\n    \"15.6\": 0.1229,\n    \"16.0\": 0.00212\n  },\n  G: {\n    \"8\": 0,\n    \"3.2\": 0,\n    \"4.0-4.1\": 0,\n    \"4.2-4.3\": 0,\n    \"5.0-5.1\": 0.00124,\n    \"6.0-6.1\": 0.00186,\n    \"7.0-7.1\": 0.01611,\n    \"8.1-8.4\": 0,\n    \"9.0-9.2\": 0.0031,\n    \"9.3\": 0.02603,\n    \"10.0-10.2\": 0.00248,\n    \"10.3\": 0.1723,\n    \"11.0-11.2\": 0.01116,\n    \"11.3-11.4\": 0.03781,\n    \"12.0-12.1\": 0.02727,\n    \"12.2-12.5\": 1.0047,\n    \"13.0-13.1\": 0.01178,\n    \"13.2\": 0.00558,\n    \"13.3\": 0.05206,\n    \"13.4-13.7\": 0.09049,\n    \"14.0-14.4\": 0.38366,\n    \"14.5-14.8\": 0.51629,\n    \"15.0-15.1\": 0.28511,\n    \"15.2-15.3\": 0.30804,\n    \"15.4\": 0.44316,\n    \"15.5\": 1.23712,\n    \"15.6\": 1.49,\n    \"16.0\": 0.06632\n  },\n  P: {\n    \"4\": 0.23788,\n    \"5.0-5.4\": 0.03103,\n    \"6.2-6.4\": 0.11054,\n    \"7.2-7.4\": 0.12411,\n    \"8.2\": 0.01005,\n    \"9.2\": 0.06206,\n    \"10.1\": 0.07035,\n    \"11.1-11.2\": 0.10343,\n    \"12.0\": 0.02069,\n    \"13.0\": 0.04137,\n    \"14.0\": 0.08274,\n    \"15.0\": 0.0724,\n    \"16.0\": 0.20685,\n    \"17.0\": 0.63089,\n    \"18.0\": 0.37233\n  },\n  I: {\n    \"0\": 0,\n    \"3\": 0,\n    \"4\": 0,\n    \"2.1\": 0,\n    \"2.2\": 0,\n    \"2.3\": 0,\n    \"4.1\": 0.00314,\n    \"4.2-4.3\": 0.00903,\n    \"4.4\": 0,\n    \"4.4.3-4.4.4\": 0.09815\n  },\n  K: {\n    _: \"0 10 11 12 11.1 11.5 12.1\"\n  },\n  A: {\n    \"8\": 0.00249,\n    \"11\": 0.05473,\n    _: \"6 7 9 10 5.5\"\n  },\n  J: {\n    \"7\": 0,\n    \"10\": 0.00788\n  },\n  N: {\n    \"10\": 0,\n    \"11\": 0\n  },\n  L: {\n    \"0\": 59.91239\n  },\n  S: {\n    \"2.5\": 0.33884\n  },\n  R: {\n    _: \"0\"\n  },\n  M: {\n    \"0\": 0.17336\n  },\n  Q: {\n    \"10.4\": 0\n  },\n  O: {\n    \"0\": 1.1032\n  },\n  H: {\n    \"0\": 13.77913\n  }\n};","map":{"version":3,"names":["module","exports","C","_","D","F","B","E","G","P","I","K","A","J","N","L","S","R","M","Q","O","H"],"sources":["C:/Users/Rohith/mern/frontend/node_modules/caniuse-lite/data/regions/TZ.js"],