{"ast":null,"code":"module.exports = {\n  C: {\n    \"102\": 0.04198,\n    \"103\": 0.04198,\n    _: \"2 3 4 5 6 7 8 9 10 11 12 13 14 15 16 17 18 19 20 21 22 23 24 25 26 27 28 29 30 31 32 33 34 35 36 37 38 39 40 41 42 43 44 45 46 47 48 49 50 51 52 53 54 55 56 57 58 59 60 61 62 63 64 65 66 67 68 69 70 71 72 73 74 75 76 77 78 79 80 81 82 83 84 85 86 87 88 89 90 91 92 93 94 95 96 97 98 99 100 101 104 105 106 3.5 3.6\"\n  },\n  D: {\n    \"103\": 0.08395,\n    \"104\": 0.41975,\n    _: \"4 5 6 7 8 9 10 11 12 13 14 15 16 17 18 19 20 21 22 23 24 25 26 27 28 29 30 31 32 33 34 35 36 37 38 39 40 41 42 43 44 45 46 47 48 49 50 51 52 53 54 55 56 57 58 59 60 61 62 63 64 65 66 67 68 69 70 71 72 73 74 75 76 77 78 79 80 81 83 84 85 86 87 88 89 90 91 92 93 94 95 96 97 98 99 100 101 102 105 106 107 108\"\n  },\n  F: {\n    _: \"9 11 12 15 16 17 18 19 20 21 22 23 24 25 26 27 28 29 30 31 32 33 34 35 36 37 38 39 40 41 42 43 44 45 46 47 48 49 50 51 52 53 54 55 56 57 58 60 62 63 64 65 66 67 68 69 70 71 72 73 74 75 76 77 78 79 80 81 82 83 84 85 86 87 88 89 90 9.5-9.6 10.5 10.6 11.1 11.5 11.6 12.1\",\n    \"10.0-10.1\": 0\n  },\n  B: {\n    \"100\": 0.04198,\n    \"103\": 0.20988,\n    _: \"12 13 14 15 16 17 18 79 80 81 83 84 85 86 87 88 89 90 91 92 93 94 95 96 97 98 99 101 102 104 105\"\n  },\n  E: {\n    \"4\": 0,\n    \"10\": 0.04198,\n    _: \"0 5 6 7 8 9 11 12 13 14 15 3.1 3.2 5.1 6.1 7.1 9.1 10.1 11.1 12.1 13.1 14.1 15.5\",\n    \"15.1\": 24.06847,\n    \"15.2-15.3\": 43.07475,\n    \"15.4\": 0.08395,\n    \"15.6\": 0.04198,\n    \"16.0\": 0.20988\n  },\n  G: {\n    \"8\": 0,\n    \"3.2\": 0,\n    \"4.0-4.1\": 0,\n    \"4.2-4.3\": 0,\n    \"5.0-5.1\": 0,\n    \"6.0-6.1\": 0,\n    \"7.0-7.1\": 0,\n    \"8.1-8.4\": 0,\n    \"9.0-9.2\": 0,\n    \"9.3\": 0,\n    \"10.0-10.2\": 0,\n    \"10.3\": 0,\n    \"11.0-11.2\": 0,\n    \"11.3-11.4\": 0,\n    \"12.0-12.1\": 0,\n    \"12.2-12.5\": 0,\n    \"13.0-13.1\": 0,\n    \"13.2\": 0,\n    \"13.3\": 0,\n    \"13.4-13.7\": 0.04189,\n    \"14.0-14.4\": 0,\n    \"14.5-14.8\": 0,\n    \"15.0-15.1\": 1.18278,\n    \"15.2-15.3\": 7.60266,\n    \"15.4\": 0,\n    \"15.5\": 0.04189,\n    \"15.6\": 0.3803,\n    \"16.0\": 1.77362\n  },\n  P: {\n    \"4\": 0.29735,\n    \"5.0-5.4\": 0.01025,\n    \"6.2-6.4\": 0,\n    \"7.2-7.4\": 0.02051,\n    \"8.2\": 0,\n    \"9.2\": 0,\n    \"10.1\": 0,\n    \"11.1-11.2\": 0.03076,\n    \"12.0\": 0.01025,\n    \"13.0\": 0.01025,\n    \"14.0\": 1.39291,\n    \"15.0\": 0,\n    \"16.0\": 0.13027,\n    \"17.0\": 0.21533,\n    \"18.0\": 0.04008\n  },\n  I: {\n    \"0\": 0,\n    \"3\": 0,\n    \"4\": 0,\n    \"2.1\": 0,\n    \"2.2\": 0,\n    \"2.3\": 0,\n    \"4.1\": 0,\n    \"4.2-4.3\": 0,\n    \"4.4\": 0,\n    \"4.4.3-4.4.4\": 0\n  },\n  K: {\n    _: \"0 10 11 12 11.1 11.5 12.1\"\n  },\n  A: {\n    _: \"6 7 8 9 10 11 5.5\"\n  },\n  J: {\n    \"7\": 0,\n    \"10\": 0\n  },\n  N: {\n    \"10\": 0,\n    \"11\": 0\n  },\n  L: {\n    \"0\": 3.42186\n  },\n  S: {\n    \"2.5\": 0\n  },\n  R: {\n    _: \"0\"\n  },\n  M: {\n    \"0\": 0\n  },\n  Q: {\n    \"10.4\": 0\n  },\n  O: {\n    \"0\": 0.04173\n  },\n  H: {\n    \"0\": 0\n  }\n};","map":{"version":3,"names":["module","exports","C","_","D","F","B","E","G","P","I","K","A","J","N","L","S","R","M","Q","O","H"],"sources":["C:/Users/Rohith/mern/frontend/node_modules/caniuse-lite/data/regions/TK.js"],"sourcesContent":["module.exports={C:{\"102\":0.04198,\"103\":0.04198,_:\"2 3 4 5 6 7 8 9 10 11 12 13 14 15 16 17 18 19 20 21 22 23 24 25 26 27 28 29 30 31 32 33 34 35 36 37 38 39 40 41 42 43 44 45 46 47 48 49 50 51 52 53 54 55 56 57 58 59 60 61 62 63 64 65 66 67 68 69 70 71 72 73 74 75 76 77 78 79 80 81 82 83 84 85 86 87 88 89 90 91 92 93 94 95 96 97 98 99 100 101 104 105 106 3.5 3.6\"},D:{\"103\":0.08395,\"104\":0.41975,_:\"4 5 6 7 8 9 10 11 12 13 14 15 16 17 18 19 20 21 22 23 24 25 26 27 28 29 30 31 32 33 34 35 36 37 38 39 40 41 42 43 44 45 46 47 48 49 50 51 52 53 54 55 56 57 58 59 60 61 62 63 64 65 66 67 68 69 70 71 72 73 74 75 76 77 78 79 80 81 83 84 85 86 87 88 89 90 91 92 93 94 95 96 97 98 99 100 101 102 105 106 107 108\"},F:{_:\"9 11 12 15 16 17 18 19 20 21 22 23 24 25 26 27 28 29 30 31 32 33 34 35 36 37 38 39 40 41 42 43 44 45 46 47 48 49 50 51 52 53 54 55 56 57 58 60 62 63 64 65 66 67 68 69 70 71 72 73 74 75 76 77 78 79 80 81 82 83 84 85 86 87 88 89 90 9.5-9.6 10.5 10.6 11.1 11.5 11.6 12.1\",\"10.0-10.1\":0},B:{\"100\":0.04198,\"103\":0.20988,_:\"12 13 14 15 16 17 18 79 80 81 83 84 85 86 87 88 89 90 91 92 93 94 95 96 97 98 99 101 102 104 105\"},E:{\"4\":0,\"10\":0.04198,_:\"0 5 6 7 8 9 11 12 13 14 15 3.1 3.2 5.1 6.1 7.1 9.1 10.1 11.1 12.1 13.1 14.1 15.5\",\"15.1\":24.06847,\"15.2-15.3\":43.07475,\"15.4\":0.08395,\"15.6\":0.04198,\"16.0\":0.20988},G:{\"8\":0,\"3.2\":0,\"4.0-4.1\":0,\"4.2-4.3\":0,\"5.0-5.1\":0,\"6.0-6.1\":0,\"7.0-7.1\":0,\"8.1-8.4\":0,\"9.0-9.2\":0,\"9.3\":0,\"10.0-10.2\":0,\"10.3\":0,\"11.0-11.2\":0,\"11.3-11.4\":0,\"12.0-12.1\":0,\"12.2-12.5\":0,\"13.0-13.1\":0,\"13.2\":0,\"13.3\":0,\"13.4-13.7\":0.04189,\"14.0-14.4\":0,\"14.5-14.8\":0,\"15.0-15.1\":1.18278,\"15.2-15.3\":7.60266,\"15.4\":0,\"15.5\":0.04189,\"15.6\":0.3803,\"16.0\":1.77362},P:{\"4\":0.29735,\"5.0-5.4\":0.01025,\"6.2-6.4\":0,\"7.2-7.4\":0.02051,\"8.2\":0,\"9.2\":0,\"10.1\":0,\"11.1-11.2\":0.03076,\"12.0\":0.01025,\"13.0\":0.01025,\"14.0\":1.39291,\"15.0\":0,\"16.0\":0.13027,\"17.0\":0.21533,\"18.0\":0.04008},I:{\"0\":0,\"3\":0,\"4\":0,\"2.1\":0,\"2.2\":0,\"2.3\":0,\"4.1\":0,\"4.2-4.3\":0,\"4.4\":0,\"4.4.3-4.4.4\":0},K:{_:\"0 10 11 12 11.1 11.5 12.1\"},A:{_:\"6 7 8 9 10 11 5.5\"},J:{\"7\":0,\"10\":0},N:{\"10\":0,\"11\":0},L:{\"0\":3.42186},S:{\"2.5\":0},R:{_:\"0\"},M:{\"0\":0},Q:{\"10.4\":0},O:{\"0\":0.04173},H:{\"0\":0}};\n"],"mappings":"AAAAA,MAAM,CAACC,OAAP,GAAe;EAACC,CAAC,EAAC;IAAC,OAAM,OAAP;IAAe,OAAM,OAArB;IAA6BC,CAAC,EAAC;EAA/B,CAAH;EAA+VC,CAAC,EAAC;IAAC,OAAM,OAAP;IAAe,OAAM,OAArB;IAA6BD,CAAC,EAAC;EAA/B,CAAjW;EAAsrBE,CAAC,EAAC;IAACF,CAAC,EAAC,6QAAH;IAAiR,aAAY;EAA7R,CAAxrB;EAAw9BG,CAAC,EAAC;IAAC,OAAM,OAAP;IAAe,OAAM,OAArB;IAA6BH,CAAC,EAAC;EAA/B,CAA19B;EAA6lCI,CAAC,EAAC;IAAC,KAAI,CAAL;IAAO,MAAK,OAAZ;IAAoBJ,CAAC,EAAC,kFAAtB;IAAyG,QAAO,QAAhH;IAAyH,aAAY,QAArI;IAA8I,QAAO,OAArJ;IAA6J,QAAO,OAApK;IAA4K,QAAO;EAAnL,CAA/lC;EAA2xCK,CAAC,EAAC;IAAC,KAAI,CAAL;IAAO,OAAM,CAAb;IAAe,WAAU,CAAzB;IAA2B,WAAU,CAArC;IAAuC,WAAU,CAAjD;IAAmD,WAAU,CAA7D;IAA+D,WAAU,CAAzE;IAA2E,WAAU,CAArF;IAAuF,WAAU,CAAjG;IAAmG,OAAM,CAAzG;IAA2G,aAAY,CAAvH;IAAyH,QAAO,CAAhI;IAAkI,aAAY,CAA9I;IAAgJ,aAAY,CAA5J;IAA8J,aAAY,CAA1K;IAA4K,aAAY,CAAxL;IAA0L,aAAY,CAAtM;IAAwM,QAAO,CAA/M;IAAiN,QAAO,CAAxN;IAA0N,aAAY,OAAtO;IAA8O,aAAY,CAA1P;IAA4P,aAAY,CAAxQ;IAA0Q,aAAY,OAAtR;IAA8R,aAAY,OAA1S;IAAkT,QAAO,CAAzT;IAA2T,QAAO,OAAlU;IAA0U,QAAO,MAAjV;IAAwV,QAAO;EAA/V,CAA7xC;EAAqoDC,CAAC,EAAC;IAAC,KAAI,OAAL;IAAa,WAAU,OAAvB;IAA+B,WAAU,CAAzC;IAA2C,WAAU,OAArD;IAA6D,OAAM,CAAnE;IAAqE,OAAM,CAA3E;IAA6E,QAAO,CAApF;IAAsF,aAAY,OAAlG;IAA0G,QAAO,OAAjH;IAAyH,QAAO,OAAhI;IAAwI,QAAO,OAA/I;IAAuJ,QAAO,CAA9J;IAAgK,QAAO,OAAvK;IAA+K,QAAO,OAAtL;IAA8L,QAAO;EAArM,CAAvoD;EAAq1DC,CAAC,EAAC;IAAC,KAAI,CAAL;IAAO,KAAI,CAAX;IAAa,KAAI,CAAjB;IAAmB,OAAM,CAAzB;IAA2B,OAAM,CAAjC;IAAmC,OAAM,CAAzC;IAA2C,OAAM,CAAjD;IAAmD,WAAU,CAA7D;IAA+D,OAAM,CAArE;IAAuE,eAAc;EAArF,CAAv1D;EAA+6DC,CAAC,EAAC;IAACR,CAAC,EAAC;EAAH,CAAj7D;EAAi9DS,CAAC,EAAC;IAACT,CAAC,EAAC;EAAH,CAAn9D;EAA2+DU,CAAC,EAAC;IAAC,KAAI,CAAL;IAAO,MAAK;EAAZ,CAA7+D;EAA4/DC,CAAC,EAAC;IAAC,MAAK,CAAN;IAAQ,MAAK;EAAb,CAA9/D;EAA8gEC,CAAC,EAAC;IAAC,KAAI;EAAL,CAAhhE;EAA8hEC,CAAC,EAAC;IAAC,OAAM;EAAP,CAAhiE;EAA0iEC,CAAC,EAAC;IAACd,CAAC,EAAC;EAAH,CAA5iE;EAAojEe,CAAC,EAAC;IAAC,KAAI;EAAL,CAAtjE;EAA8jEC,CAAC,EAAC;IAAC,QAAO;EAAR,CAAhkE;EAA2kEC,CAAC,EAAC;IAAC,KAAI;EAAL,CAA7kE;EAA2lEC,CAAC,EAAC;IAAC,KAAI;EAAL;AAA7lE,CAAf"},"metadata":{},"sourceType":"script"}